"transaction_id";"sender_account_id";"receiver_account_id";"transaction_amount";"transaction_type";"timestamp";"transaction_status";"fraud_flag";"geolocation";"device_used";"network_slice_id";"latency";"slice_bandwidth_mbps";"pin_code"
"TXN9520068950";"ACC14994";"ACC16656";495.9;"Deposit";"2025-01-17 10:14:00";"Failed";"TRUE";"34.0522 N, -74.006 W";"Desktop";"Slice3";10;179;3075
"TXN9412011085";"ACC58958";"ACC32826";529.62;"Withdrawal";"2025-01-17 10:51:00";"Success";"FALSE";"35.6895 N, -118.2437 W";"Mobile";"Slice2";11;89;2369
"TXN4407425052";"ACC56321";"ACC92481";862.47;"Withdrawal";"2025-01-17 10:50:00";"Failed";"FALSE";"48.8566 N, 2.3522 W";"Mobile";"Slice1";4;53;8039
"TXN4247571145";"ACC60921";"ACC11419";933.24;"Deposit";"2025-01-17 10:25:00";"Success";"TRUE";"55.7558 N, 37.6173 W";"Mobile";"Slice3";20;191;8375
"TXN2515439857";"ACC18381";"ACC76710";449.56;"Withdrawal";"2025-01-17 10:01:00";"Failed";"FALSE";"35.6895 N, 139.6917 W";"Desktop";"Slice1";14;191;4779
"TXN2169752734";"ACC43792";"ACC51105";72.97;"Withdrawal";"2025-01-17 10:25:00";"Success";"TRUE";"55.7558 N, 2.3522 W";"Mobile";"Slice2";5;216;4347
"TXN4229370499";"ACC11531";"ACC53580";683.48;"Transfer";"2025-01-17 10:55:00";"Success";"TRUE";"34.0522 N, 2.3522 W";"Mobile";"Slice1";19;213;4495
"TXN6355066290";"ACC14006";"ACC27800";485.37;"Transfer";"2025-01-17 10:50:00";"Failed";"TRUE";"34.0522 N, 37.6173 W";"Mobile";"Slice3";20;173;9631
"TXN8655304785";"ACC62917";"ACC77317";385.43;"Deposit";"2025-01-17 10:58:00";"Success";"FALSE";"55.7558 N, -74.006 W";"Desktop";"Slice3";17;181;9371
"TXN5194651812";"ACC39081";"ACC11992";394.76;"Deposit";"2025-01-17 10:13:00";"Failed";"FALSE";"34.0522 N, -118.2437 W";"Desktop";"Slice2";16;146;7035
"TXN9153984217";"ACC34065";"ACC67993";620.34;"Deposit";"2025-01-17 10:37:00";"Failed";"FALSE";"55.7558 N, 2.3522 W";"Desktop";"Slice2";7;215;4624
"TXN9743166792";"ACC82066";"ACC33985";579.65;"Transfer";"2025-01-17 10:17:00";"Failed";"FALSE";"51.5074 N, 0.1278 W";"Mobile";"Slice2";14;246;9680
"TXN4351744832";"ACC55704";"ACC24911";817.55;"Deposit";"2025-01-17 10:13:00";"Failed";"FALSE";"40.7128 N, 2.3522 W";"Mobile";"Slice2";8;82;2092
"TXN5897093700";"ACC70859";"ACC83767";113.95;"Deposit";"2025-01-17 10:25:00";"Success";"FALSE";"48.8566 N, -74.006 W";"Mobile";"Slice3";18;141;9271
"TXN5863399870";"ACC73740";"ACC39244";906.82;"Transfer";"2025-01-17 10:57:00";"Failed";"FALSE";"34.0522 N, 2.3522 W";"Mobile";"Slice2";3;205;7119
"TXN3008400720";"ACC96801";"ACC67913";402.18;"Withdrawal";"2025-01-17 10:07:00";"Failed";"FALSE";"35.6895 N, 0.1278 W";"Mobile";"Slice2";18;169;2975
"TXN8954205071";"ACC49428";"ACC33014";154.78;"Transfer";"2025-01-17 10:41:00";"Success";"TRUE";"48.8566 N, 37.6173 W";"Mobile";"Slice3";7;68;8997
"TXN8076969401";"ACC81687";"ACC75202";762.55;"Deposit";"2025-01-17 10:34:00";"Success";"FALSE";"48.8566 N, 2.3522 W";"Desktop";"Slice3";15;207;3282
"TXN4822238918";"ACC27604";"ACC93416";276.76;"Withdrawal";"2025-01-17 10:54:00";"Failed";"TRUE";"55.7558 N, 2.3522 W";"Mobile";"Slice1";14;101;1771
"TXN5126223597";"ACC49116";"ACC36754";826.75;"Withdrawal";"2025-01-17 10:18:00";"Failed";"TRUE";"40.7128 N, 2.3522 W";"Desktop";"Slice2";15;232;2547
"TXN7538176865";"ACC40510";"ACC11454";604.25;"Transfer";"2025-01-17 10:56:00";"Failed";"TRUE";"55.7558 N, 37.6173 W";"Mobile";"Slice1";5;129;9633
"TXN3914566506";"ACC45926";"ACC76590";979.89;"Withdrawal";"2025-01-17 10:25:00";"Failed";"FALSE";"40.7128 N, 2.3522 W";"Mobile";"Slice2";15;225;7119
"TXN6302601632";"ACC91042";"ACC98945";129.78;"Transfer";"2025-01-17 10:11:00";"Success";"TRUE";"51.5074 N, -118.2437 W";"Desktop";"Slice1";19;106;5199
"TXN2088036535";"ACC66635";"ACC27770";884.55;"Transfer";"2025-01-17 10:04:00";"Failed";"TRUE";"51.5074 N, 37.6173 W";"Mobile";"Slice2";14;228;9368
"TXN1675844695";"ACC32328";"ACC14535";250.27;"Transfer";"2025-01-17 10:58:00";"Failed";"FALSE";"40.7128 N, 37.6173 W";"Mobile";"Slice1";7;109;3285
"TXN3325189406";"ACC51150";"ACC42784";743.4;"Transfer";"2025-01-17 10:37:00";"Failed";"FALSE";"51.5074 N, -74.006 W";"Desktop";"Slice3";11;222;9753
"TXN6805586313";"ACC13179";"ACC18973";852.42;"Withdrawal";"2025-01-17 10:41:00";"Failed";"FALSE";"34.0522 N, 2.3522 W";"Mobile";"Slice3";5;250;3441
"TXN2113838138";"ACC59845";"ACC47976";92.6;"Withdrawal";"2025-01-17 10:49:00";"Success";"FALSE";"55.7558 N, 37.6173 W";"Desktop";"Slice2";7;122;9347
"TXN2956253396";"ACC98407";"ACC76557";499.18;"Withdrawal";"2025-01-17 10:31:00";"Success";"TRUE";"55.7558 N, -74.006 W";"Mobile";"Slice1";19;231;8697
"TXN9549826715";"ACC39544";"ACC52922";910.24;"Withdrawal";"2025-01-17 10:11:00";"Success";"FALSE";"35.6895 N, 139.6917 W";"Mobile";"Slice1";15;243;7286
"TXN7131992962";"ACC25089";"ACC78786";992.8;"Withdrawal";"2025-01-17 10:43:00";"Failed";"TRUE";"34.0522 N, 139.6917 W";"Desktop";"Slice1";11;139;7140
"TXN2209185137";"ACC97614";"ACC48951";793.95;"Deposit";"2025-01-17 10:55:00";"Success";"FALSE";"48.8566 N, 2.3522 W";"Mobile";"Slice1";8;229;4693
"TXN4231576514";"ACC33069";"ACC45185";944.51;"Withdrawal";"2025-01-17 10:53:00";"Failed";"TRUE";"34.0522 N, 0.1278 W";"Desktop";"Slice3";18;228;4036
"TXN6614511449";"ACC14564";"ACC10609";326.66;"Withdrawal";"2025-01-17 10:41:00";"Success";"TRUE";"34.0522 N, -74.006 W";"Mobile";"Slice1";3;161;8229
"TXN1408798870";"ACC88133";"ACC15217";819.69;"Transfer";"2025-01-17 10:37:00";"Failed";"FALSE";"48.8566 N, 2.3522 W";"Mobile";"Slice3";20;135;6830
"TXN2483635578";"ACC33701";"ACC13238";436.83;"Withdrawal";"2025-01-17 10:36:00";"Failed";"FALSE";"35.6895 N, 37.6173 W";"Mobile";"Slice1";7;99;1453
"TXN4437479248";"ACC45830";"ACC66726";480.29;"Withdrawal";"2025-01-17 10:32:00";"Failed";"TRUE";"51.5074 N, -118.2437 W";"Mobile";"Slice2";7;84;3773
"TXN1414294833";"ACC24121";"ACC36934";681.23;"Deposit";"2025-01-17 10:03:00";"Success";"FALSE";"48.8566 N, -74.006 W";"Desktop";"Slice1";14;63;6512
"TXN3244921303";"ACC69633";"ACC88988";434.31;"Withdrawal";"2025-01-17 10:56:00";"Failed";"TRUE";"51.5074 N, -74.006 W";"Mobile";"Slice2";18;67;8452
"TXN4585920895";"ACC47679";"ACC51725";196.41;"Deposit";"2025-01-17 10:04:00";"Failed";"FALSE";"34.0522 N, -74.006 W";"Desktop";"Slice3";12;99;9155
"TXN3085164852";"ACC74608";"ACC33619";144.1;"Transfer";"2025-01-17 10:49:00";"Failed";"FALSE";"35.6895 N, -74.006 W";"Desktop";"Slice2";15;52;6286
"TXN4215761542";"ACC49303";"ACC99378";313.72;"Deposit";"2025-01-17 10:32:00";"Failed";"TRUE";"48.8566 N, 139.6917 W";"Desktop";"Slice1";19;55;7513
"TXN2921000330";"ACC74920";"ACC58633";209.97;"Withdrawal";"2025-01-17 10:33:00";"Success";"FALSE";"55.7558 N, 0.1278 W";"Mobile";"Slice2";10;94;1879
"TXN1245169622";"ACC91787";"ACC54608";879.63;"Withdrawal";"2025-01-17 10:14:00";"Success";"TRUE";"34.0522 N, 2.3522 W";"Desktop";"Slice2";17;240;1874
"TXN3864456208";"ACC52721";"ACC22595";906.98;"Withdrawal";"2025-01-17 10:58:00";"Failed";"TRUE";"35.6895 N, 0.1278 W";"Mobile";"Slice3";10;102;6150
"TXN3293165874";"ACC43244";"ACC67743";972.39;"Withdrawal";"2025-01-17 10:44:00";"Success";"TRUE";"34.0522 N, -118.2437 W";"Desktop";"Slice3";17;159;1712
"TXN8905996384";"ACC15856";"ACC12045";737.12;"Deposit";"2025-01-17 10:46:00";"Success";"FALSE";"55.7558 N, -74.006 W";"Desktop";"Slice3";20;190;9034
"TXN6478721697";"ACC74483";"ACC16913";524.38;"Deposit";"2025-01-17 10:38:00";"Success";"TRUE";"35.6895 N, -74.006 W";"Mobile";"Slice1";18;203;3964
"TXN4336351484";"ACC80523";"ACC75671";940.3;"Deposit";"2025-01-17 10:55:00";"Success";"TRUE";"35.6895 N, 2.3522 W";"Mobile";"Slice2";6;214;9857
"TXN5262577229";"ACC23680";"ACC21510";339.18;"Deposit";"2025-01-17 10:19:00";"Failed";"FALSE";"55.7558 N, 2.3522 W";"Desktop";"Slice2";20;123;6922
"TXN9214993999";"ACC59081";"ACC63217";713.85;"Withdrawal";"2025-01-17 10:38:00";"Success";"TRUE";"48.8566 N, 37.6173 W";"Desktop";"Slice1";12;127;6163
"TXN6762754838";"ACC88574";"ACC43420";311.12;"Withdrawal";"2025-01-17 10:32:00";"Success";"FALSE";"55.7558 N, 37.6173 W";"Desktop";"Slice3";17;225;3789
"TXN2716831379";"ACC36992";"ACC58355";412.43;"Transfer";"2025-01-17 10:18:00";"Success";"FALSE";"55.7558 N, 2.3522 W";"Mobile";"Slice1";8;239;9690
"TXN9958195472";"ACC73496";"ACC80439";713.43;"Withdrawal";"2025-01-17 10:48:00";"Failed";"TRUE";"51.5074 N, 0.1278 W";"Desktop";"Slice1";20;243;5761
"TXN6513452870";"ACC66844";"ACC30757";497.06;"Deposit";"2025-01-17 10:25:00";"Failed";"TRUE";"40.7128 N, -118.2437 W";"Desktop";"Slice3";20;113;8985
"TXN9430193570";"ACC18315";"ACC68473";480.26;"Deposit";"2025-01-17 10:13:00";"Failed";"TRUE";"40.7128 N, -118.2437 W";"Mobile";"Slice2";16;201;3332
"TXN8166922226";"ACC26967";"ACC15608";72.36;"Withdrawal";"2025-01-17 10:19:00";"Failed";"FALSE";"55.7558 N, 0.1278 W";"Mobile";"Slice2";20;126;4866
"TXN4267987212";"ACC31799";"ACC80677";235.44;"Withdrawal";"2025-01-17 10:49:00";"Failed";"TRUE";"51.5074 N, 0.1278 W";"Mobile";"Slice3";19;216;7664
"TXN2821070438";"ACC57649";"ACC31216";572.09;"Transfer";"2025-01-17 10:07:00";"Failed";"FALSE";"35.6895 N, 0.1278 W";"Mobile";"Slice3";19;233;4388
"TXN1672215014";"ACC57995";"ACC32223";513.84;"Withdrawal";"2025-01-17 10:25:00";"Success";"TRUE";"55.7558 N, 37.6173 W";"Mobile";"Slice2";20;62;6752
"TXN8113502181";"ACC67528";"ACC13653";899.08;"Deposit";"2025-01-17 10:09:00";"Failed";"FALSE";"48.8566 N, 139.6917 W";"Desktop";"Slice1";10;162;5514
"TXN9237255174";"ACC54120";"ACC50698";765.31;"Deposit";"2025-01-17 10:13:00";"Success";"TRUE";"34.0522 N, 0.1278 W";"Desktop";"Slice3";7;184;6602
"TXN3528546769";"ACC13553";"ACC11678";677.07;"Transfer";"2025-01-17 10:39:00";"Failed";"FALSE";"51.5074 N, 0.1278 W";"Desktop";"Slice3";20;87;7731
"TXN6246207885";"ACC34364";"ACC98698";571.22;"Transfer";"2025-01-17 10:23:00";"Success";"FALSE";"55.7558 N, 37.6173 W";"Desktop";"Slice2";15;185;5087
"TXN5508021804";"ACC93597";"ACC89011";980.64;"Deposit";"2025-01-17 10:50:00";"Failed";"FALSE";"35.6895 N, 139.6917 W";"Desktop";"Slice1";20;237;6810
"TXN5377295849";"ACC94970";"ACC40110";989.51;"Withdrawal";"2025-01-17 10:17:00";"Success";"TRUE";"51.5074 N, 0.1278 W";"Mobile";"Slice2";15;66;7067
"TXN5873377008";"ACC25767";"ACC52947";724.95;"Withdrawal";"2025-01-17 10:45:00";"Success";"FALSE";"55.7558 N, 139.6917 W";"Mobile";"Slice3";11;219;4405
"TXN6379637727";"ACC88149";"ACC56767";437.44;"Transfer";"2025-01-17 10:41:00";"Failed";"TRUE";"55.7558 N, 139.6917 W";"Mobile";"Slice2";9;94;7397
"TXN3688688205";"ACC66486";"ACC23899";526.37;"Withdrawal";"2025-01-17 10:53:00";"Failed";"FALSE";"55.7558 N, 37.6173 W";"Mobile";"Slice1";19;78;6087
"TXN5485668345";"ACC46185";"ACC54485";616.37;"Transfer";"2025-01-17 10:48:00";"Failed";"TRUE";"48.8566 N, 139.6917 W";"Desktop";"Slice1";3;79;4823
"TXN1251635719";"ACC66754";"ACC83421";196.79;"Transfer";"2025-01-17 10:58:00";"Success";"FALSE";"51.5074 N, 139.6917 W";"Mobile";"Slice2";5;59;5873
"TXN6762132763";"ACC88711";"ACC75053";252.77;"Withdrawal";"2025-01-17 10:03:00";"Failed";"TRUE";"48.8566 N, -74.006 W";"Desktop";"Slice3";15;67;3418
"TXN8623160750";"ACC77809";"ACC75035";762.47;"Withdrawal";"2025-01-17 10:48:00";"Failed";"FALSE";"35.6895 N, 2.3522 W";"Mobile";"Slice3";13;183;5682
"TXN9200557220";"ACC11202";"ACC23780";140.0;"Transfer";"2025-01-17 10:19:00";"Failed";"TRUE";"35.6895 N, 37.6173 W";"Desktop";"Slice2";7;158;5249
"TXN7094903743";"ACC67955";"ACC99356";929.9;"Transfer";"2025-01-17 10:19:00";"Success";"FALSE";"55.7558 N, 37.6173 W";"Mobile";"Slice1";16;134;3155
"TXN8282202403";"ACC89596";"ACC40926";315.13;"Withdrawal";"2025-01-17 10:46:00";"Failed";"FALSE";"35.6895 N, 0.1278 W";"Mobile";"Slice2";13;61;9739
"TXN2346550714";"ACC59386";"ACC31436";275.22;"Deposit";"2025-01-17 10:43:00";"Success";"FALSE";"40.7128 N, 139.6917 W";"Mobile";"Slice1";6;94;1813
"TXN4350246343";"ACC81201";"ACC20704";217.56;"Transfer";"2025-01-17 10:35:00";"Success";"TRUE";"48.8566 N, 0.1278 W";"Mobile";"Slice1";13;170;4366
"TXN1937189886";"ACC43888";"ACC87309";51.89;"Deposit";"2025-01-17 10:34:00";"Failed";"FALSE";"48.8566 N, -74.006 W";"Mobile";"Slice3";17;148;4219
"TXN4264661286";"ACC52163";"ACC31994";757.11;"Withdrawal";"2025-01-17 10:31:00";"Failed";"TRUE";"34.0522 N, -118.2437 W";"Desktop";"Slice1";9;205;8491
"TXN3465692464";"ACC53784";"ACC66043";802.33;"Transfer";"2025-01-17 10:39:00";"Success";"TRUE";"51.5074 N, -118.2437 W";"Desktop";"Slice1";16;134;2152
"TXN5769283480";"ACC14634";"ACC44684";556.32;"Transfer";"2025-01-17 11:00:00";"Failed";"TRUE";"48.8566 N, 37.6173 W";"Mobile";"Slice3";3;144;5823
"TXN8525219190";"ACC54648";"ACC11205";256.48;"Withdrawal";"2025-01-17 10:14:00";"Failed";"TRUE";"55.7558 N, 139.6917 W";"Desktop";"Slice3";4;195;1686
"TXN9707155018";"ACC68228";"ACC39270";538.85;"Deposit";"2025-01-17 10:40:00";"Success";"FALSE";"48.8566 N, -118.2437 W";"Desktop";"Slice3";3;100;2582
"TXN1600361546";"ACC83231";"ACC28803";703.98;"Withdrawal";"2025-01-17 10:54:00";"Success";"TRUE";"34.0522 N, -74.006 W";"Desktop";"Slice2";6;125;3861
"TXN5364984512";"ACC68793";"ACC11919";573.31;"Deposit";"2025-01-17 11:00:00";"Success";"TRUE";"51.5074 N, -118.2437 W";"Desktop";"Slice1";14;86;9448
"TXN9993789277";"ACC93052";"ACC75393";717.18;"Deposit";"2025-01-17 10:13:00";"Success";"FALSE";"55.7558 N, 0.1278 W";"Mobile";"Slice1";19;191;7579
"TXN4326221784";"ACC81249";"ACC67099";585.21;"Withdrawal";"2025-01-17 10:33:00";"Success";"TRUE";"55.7558 N, -118.2437 W";"Mobile";"Slice3";20;190;6561
"TXN3052947958";"ACC14822";"ACC75071";370.03;"Withdrawal";"2025-01-17 10:25:00";"Success";"FALSE";"35.6895 N, -74.006 W";"Desktop";"Slice1";9;196;1152
"TXN5843964744";"ACC50985";"ACC96391";614.35;"Deposit";"2025-01-17 10:46:00";"Failed";"FALSE";"34.0522 N, 2.3522 W";"Mobile";"Slice3";13;73;6599
"TXN7450665604";"ACC66864";"ACC51253";459.03;"Deposit";"2025-01-17 10:38:00";"Success";"TRUE";"51.5074 N, 0.1278 W";"Mobile";"Slice1";6;99;7983
"TXN8164649264";"ACC91303";"ACC96936";570.25;"Withdrawal";"2025-01-17 10:55:00";"Failed";"FALSE";"34.0522 N, 37.6173 W";"Mobile";"Slice2";7;190;1372
"TXN8343278895";"ACC34139";"ACC73264";206.11;"Withdrawal";"2025-01-17 10:39:00";"Success";"FALSE";"34.0522 N, 37.6173 W";"Desktop";"Slice2";10;241;4955
"TXN6206308673";"ACC50016";"ACC16610";906.4;"Transfer";"2025-01-17 10:09:00";"Failed";"FALSE";"48.8566 N, 139.6917 W";"Desktop";"Slice2";15;87;1704
"TXN6341592948";"ACC32012";"ACC88630";864.07;"Transfer";"2025-01-17 10:48:00";"Success";"FALSE";"34.0522 N, 0.1278 W";"Desktop";"Slice1";8;199;1263
"TXN3026357479";"ACC96637";"ACC45161";578.36;"Withdrawal";"2025-01-17 10:41:00";"Failed";"TRUE";"34.0522 N, 0.1278 W";"Mobile";"Slice1";11;200;5563
"TXN9295124367";"ACC79913";"ACC57156";389.42;"Withdrawal";"2025-01-17 10:27:00";"Failed";"TRUE";"55.7558 N, -74.006 W";"Mobile";"Slice1";13;81;5434
"TXN1661230242";"ACC56152";"ACC48714";559.62;"Deposit";"2025-01-17 10:25:00";"Failed";"TRUE";"51.5074 N, -118.2437 W";"Mobile";"Slice1";11;201;5985
"TXN1971749955";"ACC51032";"ACC88363";176.97;"Deposit";"2025-01-17 10:26:00";"Success";"TRUE";"51.5074 N, -74.006 W";"Mobile";"Slice3";7;226;2047
"TXN7902609594";"ACC80258";"ACC57380";537.6;"Transfer";"2025-01-17 10:12:00";"Success";"TRUE";"34.0522 N, 2.3522 W";"Mobile";"Slice1";17;83;6005
"TXN7992166468";"ACC58190";"ACC24649";561.3;"Withdrawal";"2025-01-17 10:08:00";"Failed";"TRUE";"35.6895 N, 139.6917 W";"Desktop";"Slice3";18;237;8550
"TXN8112417243";"ACC77643";"ACC94743";499.93;"Transfer";"2025-01-17 10:51:00";"Success";"TRUE";"55.7558 N, 0.1278 W";"Desktop";"Slice3";18;147;3056
"TXN1337209397";"ACC47312";"ACC44295";889.23;"Withdrawal";"2025-01-17 10:55:00";"Success";"TRUE";"34.0522 N, 0.1278 W";"Desktop";"Slice2";6;216;2256
"TXN3239483041";"ACC69369";"ACC27407";638.84;"Withdrawal";"2025-01-17 10:04:00";"Success";"FALSE";"35.6895 N, 139.6917 W";"Desktop";"Slice3";10;105;2094
"TXN6822123619";"ACC71070";"ACC58930";561.06;"Deposit";"2025-01-17 10:11:00";"Failed";"TRUE";"40.7128 N, 139.6917 W";"Desktop";"Slice3";6;79;6167
"TXN3094737504";"ACC55747";"ACC43787";753.03;"Transfer";"2025-01-17 10:11:00";"Success";"TRUE";"40.7128 N, -74.006 W";"Mobile";"Slice1";18;89;8169
"TXN8567860618";"ACC30119";"ACC99246";976.88;"Withdrawal";"2025-01-17 10:20:00";"Success";"FALSE";"35.6895 N, -118.2437 W";"Desktop";"Slice2";14;150;1959
"TXN1783258965";"ACC79528";"ACC94835";560.21;"Deposit";"2025-01-17 10:45:00";"Failed";"TRUE";"55.7558 N, 37.6173 W";"Mobile";"Slice3";12;113;1398
"TXN6569078109";"ACC59886";"ACC77651";604.58;"Withdrawal";"2025-01-17 10:43:00";"Failed";"FALSE";"35.6895 N, 0.1278 W";"Mobile";"Slice2";9;231;8618
"TXN2359071560";"ACC14335";"ACC98744";724.63;"Deposit";"2025-01-17 10:29:00";"Success";"FALSE";"35.6895 N, 139.6917 W";"Desktop";"Slice2";17;188;8166
"TXN8283960952";"ACC82403";"ACC83827";486.01;"Transfer";"2025-01-17 10:47:00";"Success";"TRUE";"34.0522 N, 0.1278 W";"Mobile";"Slice3";15;104;7372
"TXN4210826474";"ACC11545";"ACC80855";883.68;"Transfer";"2025-01-17 10:04:00";"Failed";"TRUE";"35.6895 N, 2.3522 W";"Mobile";"Slice3";14;90;4555
"TXN6009434046";"ACC39012";"ACC39126";750.92;"Transfer";"2025-01-17 10:23:00";"Success";"TRUE";"51.5074 N, 37.6173 W";"Desktop";"Slice2";6;235;5602
"TXN6960545700";"ACC94010";"ACC90072";475.88;"Withdrawal";"2025-01-17 10:45:00";"Failed";"FALSE";"34.0522 N, 139.6917 W";"Desktop";"Slice2";9;159;1035
"TXN4387242707";"ACC62867";"ACC58378";308.66;"Withdrawal";"2025-01-17 10:48:00";"Success";"FALSE";"35.6895 N, -118.2437 W";"Desktop";"Slice1";6;123;1101
"TXN1231957148";"ACC22767";"ACC15053";841.79;"Withdrawal";"2025-01-17 10:16:00";"Success";"TRUE";"35.6895 N, -74.006 W";"Mobile";"Slice3";7;76;5738
"TXN5388880723";"ACC99165";"ACC71591";189.14;"Transfer";"2025-01-17 10:26:00";"Failed";"TRUE";"40.7128 N, 2.3522 W";"Desktop";"Slice2";8;69;9976
"TXN9541784204";"ACC84924";"ACC47753";645.4;"Withdrawal";"2025-01-17 10:23:00";"Failed";"FALSE";"34.0522 N, 2.3522 W";"Desktop";"Slice3";12;99;1038
"TXN9572855642";"ACC79077";"ACC60005";536.4;"Transfer";"2025-01-17 10:35:00";"Success";"TRUE";"51.5074 N, -118.2437 W";"Mobile";"Slice1";16;84;6135
"TXN4181704626";"ACC95406";"ACC83717";258.8;"Deposit";"2025-01-17 10:32:00";"Failed";"TRUE";"35.6895 N, -74.006 W";"Desktop";"Slice1";12;74;9279
"TXN3799698655";"ACC24754";"ACC27643";549.88;"Deposit";"2025-01-17 10:02:00";"Success";"FALSE";"48.8566 N, 139.6917 W";"Desktop";"Slice2";11;98;1389
"TXN7810281706";"ACC22851";"ACC79506";472.7;"Transfer";"2025-01-17 10:58:00";"Failed";"TRUE";"51.5074 N, 139.6917 W";"Desktop";"Slice2";6;250;5380
"TXN9850226469";"ACC37786";"ACC76771";296.54;"Transfer";"2025-01-17 10:53:00";"Failed";"TRUE";"48.8566 N, 37.6173 W";"Mobile";"Slice1";20;229;9999
"TXN3750511080";"ACC88972";"ACC28381";435.39;"Transfer";"2025-01-17 10:42:00";"Failed";"TRUE";"48.8566 N, 37.6173 W";"Desktop";"Slice3";10;90;1899
"TXN6414718450";"ACC40091";"ACC54913";334.45;"Transfer";"2025-01-17 10:55:00";"Failed";"TRUE";"40.7128 N, 139.6917 W";"Desktop";"Slice3";9;211;7697
"TXN5456147067";"ACC30350";"ACC43122";457.97;"Transfer";"2025-01-17 10:22:00";"Success";"FALSE";"51.5074 N, 139.6917 W";"Desktop";"Slice3";7;80;7501
"TXN2768153137";"ACC45808";"ACC45800";936.43;"Transfer";"2025-01-17 10:34:00";"Success";"FALSE";"40.7128 N, -74.006 W";"Mobile";"Slice1";20;150;6345
"TXN8359126525";"ACC48193";"ACC86891";615.2;"Deposit";"2025-01-17 10:01:00";"Success";"FALSE";"34.0522 N, -74.006 W";"Desktop";"Slice2";13;244;2464
"TXN2357448364";"ACC53364";"ACC51280";349.49;"Withdrawal";"2025-01-17 10:26:00";"Failed";"FALSE";"34.0522 N, 37.6173 W";"Desktop";"Slice2";7;115;2272
"TXN3342617288";"ACC99232";"ACC40298";454.59;"Deposit";"2025-01-17 10:25:00";"Success";"TRUE";"34.0522 N, -74.006 W";"Desktop";"Slice2";20;130;7460
"TXN7830195715";"ACC24247";"ACC15009";657.19;"Deposit";"2025-01-17 10:01:00";"Failed";"FALSE";"55.7558 N, -74.006 W";"Desktop";"Slice3";6;168;4470
"TXN8449877320";"ACC33934";"ACC55639";298.71;"Withdrawal";"2025-01-17 10:54:00";"Failed";"FALSE";"40.7128 N, 2.3522 W";"Desktop";"Slice3";6;70;7489
"TXN9838700245";"ACC99387";"ACC82129";988.73;"Withdrawal";"2025-01-17 10:39:00";"Success";"TRUE";"48.8566 N, 0.1278 W";"Desktop";"Slice1";14;94;5717
"TXN3099410634";"ACC45867";"ACC31061";69.81;"Withdrawal";"2025-01-17 10:50:00";"Failed";"FALSE";"35.6895 N, 2.3522 W";"Desktop";"Slice2";11;84;9467
"TXN3775779664";"ACC31302";"ACC92735";716.02;"Withdrawal";"2025-01-17 10:59:00";"Failed";"FALSE";"51.5074 N, 37.6173 W";"Desktop";"Slice1";13;108;2721
"TXN7459821975";"ACC85542";"ACC68798";865.15;"Deposit";"2025-01-17 10:46:00";"Success";"TRUE";"55.7558 N, 2.3522 W";"Desktop";"Slice2";12;72;6266
"TXN1288003827";"ACC90218";"ACC96495";99.03;"Transfer";"2025-01-17 10:11:00";"Failed";"FALSE";"48.8566 N, 139.6917 W";"Desktop";"Slice1";16;220;9318
"TXN4769969230";"ACC62274";"ACC60301";58.13;"Withdrawal";"2025-01-17 10:04:00";"Success";"FALSE";"34.0522 N, 2.3522 W";"Desktop";"Slice1";17;207;3104
"TXN9703349688";"ACC12686";"ACC24401";103.8;"Withdrawal";"2025-01-17 10:18:00";"Failed";"FALSE";"48.8566 N, 2.3522 W";"Mobile";"Slice2";12;233;6923
"TXN1191908152";"ACC68233";"ACC96195";729.84;"Deposit";"2025-01-17 10:17:00";"Failed";"TRUE";"35.6895 N, 37.6173 W";"Desktop";"Slice2";5;57;9444
"TXN8215188209";"ACC74353";"ACC33742";755.82;"Deposit";"2025-01-17 10:35:00";"Failed";"FALSE";"34.0522 N, 2.3522 W";"Desktop";"Slice3";20;203;2744
"TXN2591216678";"ACC16273";"ACC80059";406.25;"Deposit";"2025-01-17 10:36:00";"Success";"FALSE";"55.7558 N, 37.6173 W";"Mobile";"Slice1";7;226;5198
"TXN1657854140";"ACC80448";"ACC17647";531.26;"Transfer";"2025-01-17 10:10:00";"Failed";"FALSE";"35.6895 N, 0.1278 W";"Mobile";"Slice1";17;140;7065
"TXN6423807883";"ACC57145";"ACC33986";280.31;"Transfer";"2025-01-17 10:34:00";"Failed";"FALSE";"35.6895 N, -118.2437 W";"Desktop";"Slice1";14;220;7463
"TXN3004498462";"ACC41245";"ACC33168";914.96;"Deposit";"2025-01-17 10:02:00";"Success";"FALSE";"51.5074 N, 0.1278 W";"Mobile";"Slice2";7;117;6699
"TXN9179726148";"ACC70138";"ACC15338";993.15;"Deposit";"2025-01-17 10:54:00";"Failed";"TRUE";"35.6895 N, 2.3522 W";"Desktop";"Slice1";9;150;3423
"TXN2407769213";"ACC35352";"ACC22759";286.5;"Transfer";"2025-01-17 11:00:00";"Failed";"FALSE";"34.0522 N, -74.006 W";"Mobile";"Slice2";8;66;6799
"TXN8132394228";"ACC16963";"ACC95542";229.22;"Deposit";"2025-01-17 10:24:00";"Failed";"FALSE";"51.5074 N, 0.1278 W";"Desktop";"Slice2";6;143;1588
"TXN7938524187";"ACC54368";"ACC39408";594.59;"Transfer";"2025-01-17 10:52:00";"Success";"TRUE";"55.7558 N, -118.2437 W";"Mobile";"Slice3";19;182;4478
"TXN3907059390";"ACC92957";"ACC88670";827.28;"Transfer";"2025-01-17 10:03:00";"Failed";"TRUE";"51.5074 N, -118.2437 W";"Mobile";"Slice3";17;91;6015
"TXN8299674970";"ACC68128";"ACC30369";985.95;"Withdrawal";"2025-01-17 10:13:00";"Failed";"TRUE";"48.8566 N, 2.3522 W";"Desktop";"Slice3";10;196;9312
"TXN7343962419";"ACC85096";"ACC86376";854.53;"Withdrawal";"2025-01-17 10:47:00";"Success";"TRUE";"51.5074 N, 2.3522 W";"Mobile";"Slice1";8;204;7208
"TXN1560479237";"ACC90210";"ACC78955";99.09;"Deposit";"2025-01-17 10:57:00";"Success";"FALSE";"40.7128 N, 0.1278 W";"Desktop";"Slice2";19;220;9284
"TXN5092379896";"ACC51099";"ACC58882";420.86;"Deposit";"2025-01-17 10:46:00";"Success";"FALSE";"55.7558 N, 37.6173 W";"Mobile";"Slice3";6;68;8033
"TXN6843260624";"ACC51051";"ACC92100";292.99;"Withdrawal";"2025-01-17 10:55:00";"Success";"FALSE";"55.7558 N, -74.006 W";"Desktop";"Slice2";10;93;2571
"TXN8489127084";"ACC68214";"ACC69691";996.89;"Withdrawal";"2025-01-17 10:05:00";"Success";"TRUE";"55.7558 N, 0.1278 W";"Desktop";"Slice3";9;143;2636
"TXN5880566258";"ACC66001";"ACC91457";476.97;"Transfer";"2025-01-17 10:05:00";"Success";"FALSE";"48.8566 N, 0.1278 W";"Mobile";"Slice2";6;112;1010
"TXN2413731893";"ACC49033";"ACC49745";241.5;"Deposit";"2025-01-17 10:42:00";"Success";"TRUE";"55.7558 N, 139.6917 W";"Mobile";"Slice2";18;64;9569
"TXN4537775371";"ACC23590";"ACC29213";463.4;"Deposit";"2025-01-17 10:39:00";"Success";"FALSE";"35.6895 N, -74.006 W";"Mobile";"Slice1";10;95;4777
"TXN9281433787";"ACC89865";"ACC80153";950.03;"Deposit";"2025-01-17 10:40:00";"Failed";"TRUE";"34.0522 N, 0.1278 W";"Mobile";"Slice2";11;104;1454
"TXN5874991898";"ACC67656";"ACC83670";499.71;"Transfer";"2025-01-17 10:21:00";"Failed";"TRUE";"51.5074 N, -74.006 W";"Mobile";"Slice1";3;127;6605
"TXN3291589485";"ACC85126";"ACC72358";978.12;"Deposit";"2025-01-17 10:24:00";"Failed";"TRUE";"40.7128 N, -74.006 W";"Mobile";"Slice3";16;178;8819
"TXN1349130936";"ACC61457";"ACC40460";692.55;"Deposit";"2025-01-17 10:21:00";"Failed";"TRUE";"55.7558 N, 139.6917 W";"Desktop";"Slice2";20;115;3465
"TXN8148340158";"ACC21753";"ACC20750";569.57;"Deposit";"2025-01-17 10:56:00";"Success";"FALSE";"55.7558 N, 2.3522 W";"Desktop";"Slice1";8;104;1761
"TXN9928470605";"ACC51910";"ACC64761";766.78;"Transfer";"2025-01-17 10:57:00";"Failed";"FALSE";"55.7558 N, 2.3522 W";"Desktop";"Slice3";19;241;2166
"TXN4624273975";"ACC24347";"ACC81604";287.89;"Deposit";"2025-01-17 10:37:00";"Failed";"TRUE";"35.6895 N, -118.2437 W";"Mobile";"Slice2";7;250;9131
"TXN7597097822";"ACC86387";"ACC40915";477.66;"Transfer";"2025-01-17 10:20:00";"Failed";"FALSE";"51.5074 N, 139.6917 W";"Desktop";"Slice1";9;55;6420
"TXN2915893387";"ACC49543";"ACC87457";895.62;"Transfer";"2025-01-17 10:25:00";"Failed";"FALSE";"48.8566 N, 0.1278 W";"Desktop";"Slice2";4;219;1727
"TXN4827977949";"ACC60988";"ACC50730";176.46;"Transfer";"2025-01-17 10:54:00";"Success";"TRUE";"34.0522 N, -118.2437 W";"Mobile";"Slice3";15;132;3365
"TXN6617448958";"ACC14377";"ACC64719";53.53;"Deposit";"2025-01-17 10:53:00";"Failed";"TRUE";"40.7128 N, -74.006 W";"Mobile";"Slice2";16;132;6480
"TXN6280767843";"ACC90421";"ACC28114";233.95;"Deposit";"2025-01-17 10:17:00";"Failed";"FALSE";"48.8566 N, 37.6173 W";"Desktop";"Slice1";13;178;4722
"TXN1536273608";"ACC96845";"ACC91092";599.56;"Deposit";"2025-01-17 10:23:00";"Failed";"TRUE";"35.6895 N, 37.6173 W";"Desktop";"Slice3";9;109;6970
"TXN3937314067";"ACC92362";"ACC12289";429.38;"Transfer";"2025-01-17 10:56:00";"Failed";"FALSE";"40.7128 N, -118.2437 W";"Desktop";"Slice1";14;230;7490
"TXN7452848702";"ACC88337";"ACC60532";892.35;"Transfer";"2025-01-17 10:07:00";"Success";"TRUE";"35.6895 N, -74.006 W";"Desktop";"Slice2";15;63;4402
"TXN1760011640";"ACC94252";"ACC77910";407.18;"Deposit";"2025-01-17 10:45:00";"Success";"FALSE";"34.0522 N, -74.006 W";"Desktop";"Slice3";8;143;7375
"TXN6811608436";"ACC60684";"ACC15125";530.77;"Transfer";"2025-01-17 10:20:00";"Failed";"TRUE";"51.5074 N, -118.2437 W";"Mobile";"Slice1";5;162;4154
"TXN8157291340";"ACC85639";"ACC80929";548.93;"Transfer";"2025-01-17 10:49:00";"Failed";"TRUE";"34.0522 N, 2.3522 W";"Mobile";"Slice2";11;88;3586
"TXN6948194620";"ACC36199";"ACC30649";934.63;"Deposit";"2025-01-17 10:11:00";"Failed";"FALSE";"51.5074 N, -118.2437 W";"Mobile";"Slice1";9;139;5860
"TXN3765488448";"ACC74791";"ACC19859";985.07;"Transfer";"2025-01-17 10:35:00";"Failed";"TRUE";"48.8566 N, 37.6173 W";"Desktop";"Slice3";15;132;6271
"TXN3634235632";"ACC70124";"ACC20440";256.07;"Withdrawal";"2025-01-17 10:25:00";"Failed";"FALSE";"51.5074 N, 0.1278 W";"Mobile";"Slice1";15;92;5287
"TXN6827741081";"ACC40276";"ACC13338";97.22;"Withdrawal";"2025-01-17 10:55:00";"Failed";"FALSE";"55.7558 N, 139.6917 W";"Mobile";"Slice2";11;242;6796
"TXN7760115770";"ACC82828";"ACC36212";474.4;"Transfer";"2025-01-17 10:26:00";"Failed";"FALSE";"48.8566 N, 0.1278 W";"Desktop";"Slice1";3;89;3008
"TXN2349552755";"ACC20603";"ACC64354";63.23;"Transfer";"2025-01-17 10:52:00";"Success";"FALSE";"35.6895 N, 139.6917 W";"Mobile";"Slice3";18;224;8122
"TXN5544938025";"ACC60930";"ACC55417";806.29;"Deposit";"2025-01-17 10:24:00";"Failed";"TRUE";"35.6895 N, 0.1278 W";"Desktop";"Slice2";4;100;3358
"TXN1987186978";"ACC11072";"ACC37746";201.5;"Transfer";"2025-01-17 10:11:00";"Failed";"FALSE";"55.7558 N, 2.3522 W";"Mobile";"Slice1";17;126;5917
"TXN6111915454";"ACC46679";"ACC27556";128.78;"Transfer";"2025-01-17 10:30:00";"Success";"FALSE";"55.7558 N, -74.006 W";"Desktop";"Slice3";9;183;5305
"TXN5332044415";"ACC76092";"ACC29666";439.79;"Withdrawal";"2025-01-17 10:06:00";"Success";"TRUE";"51.5074 N, -118.2437 W";"Desktop";"Slice3";6;74;2470
"TXN2643911906";"ACC42513";"ACC94355";483.75;"Deposit";"2025-01-17 10:39:00";"Success";"TRUE";"35.6895 N, 37.6173 W";"Mobile";"Slice3";11;91;9229
"TXN8620085823";"ACC39090";"ACC49458";678.01;"Transfer";"2025-01-17 10:06:00";"Failed";"FALSE";"51.5074 N, 2.3522 W";"Mobile";"Slice2";16;234;3507
"TXN4548697356";"ACC77920";"ACC10329";597.43;"Transfer";"2025-01-17 10:40:00";"Failed";"FALSE";"55.7558 N, 2.3522 W";"Desktop";"Slice2";10;87;1076
"TXN3005575371";"ACC41096";"ACC27545";919.33;"Transfer";"2025-01-17 10:30:00";"Failed";"FALSE";"40.7128 N, -74.006 W";"Mobile";"Slice1";12;112;6496
"TXN2013712439";"ACC70445";"ACC79951";229.96;"Transfer";"2025-01-17 10:11:00";"Success";"FALSE";"34.0522 N, -74.006 W";"Desktop";"Slice3";6;215;5333
"TXN1586213339";"ACC93764";"ACC33894";951.98;"Transfer";"2025-01-17 10:07:00";"Failed";"FALSE";"48.8566 N, 2.3522 W";"Mobile";"Slice2";7;79;2818
"TXN4702742989";"ACC60516";"ACC31378";822.01;"Deposit";"2025-01-17 10:05:00";"Success";"TRUE";"55.7558 N, 139.6917 W";"Desktop";"Slice2";14;225;3222
"TXN7957686611";"ACC38995";"ACC74535";160.0;"Transfer";"2025-01-17 10:09:00";"Success";"FALSE";"48.8566 N, 139.6917 W";"Desktop";"Slice1";4;249;1104
"TXN2478085562";"ACC50602";"ACC23555";832.4;"Transfer";"2025-01-17 10:13:00";"Failed";"FALSE";"34.0522 N, 139.6917 W";"Mobile";"Slice3";17;50;5005
"TXN9326625381";"ACC28204";"ACC97616";654.74;"Transfer";"2025-01-17 10:29:00";"Success";"TRUE";"40.7128 N, 0.1278 W";"Mobile";"Slice2";5;117;9953
"TXN3238274353";"ACC78774";"ACC16571";280.59;"Deposit";"2025-01-17 10:38:00";"Success";"FALSE";"51.5074 N, 2.3522 W";"Desktop";"Slice2";13;94;9132
"TXN3309554973";"ACC31641";"ACC89448";417.93;"Withdrawal";"2025-01-17 10:39:00";"Success";"FALSE";"55.7558 N, 37.6173 W";"Mobile";"Slice1";11;54;4543
"TXN8503880040";"ACC25310";"ACC62373";775.27;"Transfer";"2025-01-17 10:21:00";"Success";"TRUE";"35.6895 N, 139.6917 W";"Mobile";"Slice1";15;55;2102
"TXN8622771982";"ACC82285";"ACC37850";407.35;"Withdrawal";"2025-01-17 10:46:00";"Failed";"TRUE";"48.8566 N, 139.6917 W";"Desktop";"Slice3";8;61;8005
"TXN9831119424";"ACC72956";"ACC76225";662.75;"Withdrawal";"2025-01-17 10:56:00";"Success";"FALSE";"51.5074 N, 0.1278 W";"Desktop";"Slice3";20;137;6912
"TXN8058810575";"ACC72602";"ACC81316";269.99;"Withdrawal";"2025-01-17 10:16:00";"Success";"FALSE";"51.5074 N, 37.6173 W";"Mobile";"Slice3";18;111;4312
"TXN5244246982";"ACC96030";"ACC68425";380.22;"Deposit";"2025-01-17 10:51:00";"Success";"TRUE";"34.0522 N, 2.3522 W";"Mobile";"Slice1";6;141;8896
"TXN1214214618";"ACC73255";"ACC16562";117.67;"Withdrawal";"2025-01-17 10:24:00";"Failed";"FALSE";"35.6895 N, 2.3522 W";"Desktop";"Slice3";17;167;3182
"TXN9329992317";"ACC32059";"ACC62896";693.77;"Deposit";"2025-01-17 10:22:00";"Success";"TRUE";"51.5074 N, 0.1278 W";"Desktop";"Slice2";7;248;1986
"TXN3559474519";"ACC95922";"ACC88691";91.57;"Deposit";"2025-01-17 10:55:00";"Success";"FALSE";"51.5074 N, 0.1278 W";"Mobile";"Slice3";17;210;4339
"TXN9205676914";"ACC99891";"ACC18193";798.88;"Transfer";"2025-01-17 10:32:00";"Success";"FALSE";"48.8566 N, 139.6917 W";"Mobile";"Slice1";20;105;9100
"TXN9089466769";"ACC67630";"ACC31727";94.08;"Withdrawal";"2025-01-17 10:06:00";"Failed";"TRUE";"34.0522 N, -118.2437 W";"Desktop";"Slice3";17;134;3967
"TXN1525947631";"ACC88611";"ACC17504";129.36;"Withdrawal";"2025-01-17 10:47:00";"Failed";"FALSE";"40.7128 N, -118.2437 W";"Mobile";"Slice1";18;167;6972
"TXN2967565010";"ACC52765";"ACC17647";320.15;"Deposit";"2025-01-17 10:39:00";"Success";"FALSE";"40.7128 N, 0.1278 W";"Mobile";"Slice1";14;90;5636
"TXN3831013249";"ACC74018";"ACC41258";628.16;"Deposit";"2025-01-17 10:02:00";"Failed";"FALSE";"40.7128 N, 0.1278 W";"Mobile";"Slice2";6;62;1592
"TXN8479002355";"ACC34645";"ACC59787";312.62;"Withdrawal";"2025-01-17 10:47:00";"Success";"FALSE";"51.5074 N, 139.6917 W";"Desktop";"Slice3";17;135;6726
"TXN8781462679";"ACC32307";"ACC28376";594.88;"Transfer";"2025-01-17 10:57:00";"Success";"TRUE";"35.6895 N, 139.6917 W";"Mobile";"Slice2";13;71;8755
"TXN1777850076";"ACC32679";"ACC81450";466.07;"Transfer";"2025-01-17 10:11:00";"Failed";"FALSE";"35.6895 N, 2.3522 W";"Desktop";"Slice2";15;239;5419
"TXN2044765741";"ACC78879";"ACC14470";485.51;"Deposit";"2025-01-17 10:53:00";"Success";"TRUE";"40.7128 N, -74.006 W";"Mobile";"Slice3";15;120;2709
"TXN8262818336";"ACC52547";"ACC63134";391.02;"Transfer";"2025-01-17 10:44:00";"Success";"TRUE";"34.0522 N, 0.1278 W";"Mobile";"Slice2";9;192;9932
"TXN9296634856";"ACC63853";"ACC63130";134.07;"Withdrawal";"2025-01-17 10:58:00";"Failed";"TRUE";"48.8566 N, 37.6173 W";"Mobile";"Slice2";8;243;4711
"TXN4416733764";"ACC25311";"ACC52411";420.97;"Deposit";"2025-01-17 10:50:00";"Success";"TRUE";"48.8566 N, -74.006 W";"Desktop";"Slice1";15;153;6988
"TXN4715125973";"ACC26336";"ACC12865";224.14;"Transfer";"2025-01-17 10:24:00";"Success";"FALSE";"40.7128 N, 0.1278 W";"Mobile";"Slice1";18;213;4260
"TXN5402872631";"ACC10398";"ACC13115";555.97;"Transfer";"2025-01-17 10:22:00";"Success";"TRUE";"48.8566 N, -74.006 W";"Mobile";"Slice1";4;214;7420
"TXN8058414110";"ACC96309";"ACC33210";319.68;"Deposit";"2025-01-17 10:36:00";"Failed";"TRUE";"55.7558 N, 0.1278 W";"Mobile";"Slice3";7;166;4291
"TXN1804188246";"ACC70325";"ACC90820";978.39;"Deposit";"2025-01-17 10:55:00";"Success";"FALSE";"51.5074 N, 2.3522 W";"Desktop";"Slice3";7;210;8025
"TXN6256269209";"ACC19011";"ACC25721";894.94;"Transfer";"2025-01-17 10:49:00";"Success";"FALSE";"55.7558 N, -74.006 W";"Desktop";"Slice2";10;177;3779
"TXN9644247673";"ACC94820";"ACC64337";260.21;"Withdrawal";"2025-01-17 10:09:00";"Success";"FALSE";"35.6895 N, -118.2437 W";"Desktop";"Slice2";18;227;4087
"TXN4038631801";"ACC97742";"ACC36014";349.61;"Transfer";"2025-01-17 10:06:00";"Failed";"TRUE";"48.8566 N, 37.6173 W";"Mobile";"Slice1";19;176;5797
"TXN3710024296";"ACC13717";"ACC77116";259.0;"Withdrawal";"2025-01-17 10:33:00";"Success";"FALSE";"48.8566 N, 0.1278 W";"Desktop";"Slice2";11;174;1652
"TXN6322314609";"ACC20729";"ACC41588";102.81;"Transfer";"2025-01-17 10:51:00";"Success";"FALSE";"51.5074 N, 2.3522 W";"Mobile";"Slice1";5;91;1249
"TXN2046870073";"ACC52631";"ACC87532";396.54;"Withdrawal";"2025-01-17 10:55:00";"Success";"FALSE";"48.8566 N, 2.3522 W";"Mobile";"Slice1";12;77;7218
"TXN5078779271";"ACC40213";"ACC90437";794.73;"Deposit";"2025-01-17 10:22:00";"Success";"TRUE";"51.5074 N, 0.1278 W";"Mobile";"Slice2";8;221;5609
"TXN8956956973";"ACC37317";"ACC49961";88.64;"Withdrawal";"2025-01-17 10:25:00";"Failed";"TRUE";"34.0522 N, -118.2437 W";"Mobile";"Slice3";19;127;8400
"TXN1183529701";"ACC88880";"ACC90819";890.83;"Withdrawal";"2025-01-17 10:57:00";"Failed";"FALSE";"48.8566 N, 139.6917 W";"Desktop";"Slice3";3;117;4478
"TXN6844399702";"ACC80355";"ACC18439";766.93;"Withdrawal";"2025-01-17 10:18:00";"Failed";"TRUE";"35.6895 N, -118.2437 W";"Mobile";"Slice1";5;158;6454
"TXN9753006039";"ACC68822";"ACC16251";350.01;"Withdrawal";"2025-01-17 10:05:00";"Failed";"FALSE";"40.7128 N, -118.2437 W";"Mobile";"Slice3";7;166;6753
"TXN9155119110";"ACC50413";"ACC36346";116.93;"Withdrawal";"2025-01-17 10:14:00";"Success";"TRUE";"40.7128 N, 0.1278 W";"Mobile";"Slice3";13;52;2635
"TXN3215135557";"ACC52777";"ACC69706";263.79;"Transfer";"2025-01-17 10:10:00";"Failed";"TRUE";"51.5074 N, 0.1278 W";"Desktop";"Slice2";14;194;2018
"TXN2294957204";"ACC73260";"ACC33563";597.89;"Withdrawal";"2025-01-17 10:59:00";"Failed";"TRUE";"55.7558 N, 139.6917 W";"Mobile";"Slice1";17;147;6023
"TXN5515093118";"ACC90096";"ACC86295";275.18;"Transfer";"2025-01-17 10:42:00";"Success";"TRUE";"51.5074 N, 0.1278 W";"Desktop";"Slice2";14;232;4931
"TXN5955230998";"ACC41859";"ACC76935";337.39;"Deposit";"2025-01-17 10:45:00";"Failed";"FALSE";"40.7128 N, 2.3522 W";"Mobile";"Slice1";10;169;7158
"TXN7683609463";"ACC34002";"ACC28087";152.01;"Withdrawal";"2025-01-17 10:48:00";"Failed";"TRUE";"51.5074 N, -118.2437 W";"Desktop";"Slice1";12;204;2174
"TXN9272395195";"ACC32275";"ACC71363";523.92;"Transfer";"2025-01-17 10:11:00";"Failed";"TRUE";"48.8566 N, 139.6917 W";"Mobile";"Slice1";15;66;4111
"TXN5693088212";"ACC42629";"ACC27937";159.86;"Deposit";"2025-01-17 10:50:00";"Success";"TRUE";"48.8566 N, -118.2437 W";"Desktop";"Slice2";6;207;3588
"TXN1895509653";"ACC26148";"ACC50497";977.23;"Deposit";"2025-01-17 10:59:00";"Success";"TRUE";"51.5074 N, 37.6173 W";"Mobile";"Slice1";3;166;9861
"TXN4864313140";"ACC92864";"ACC70845";113.55;"Withdrawal";"2025-01-17 10:54:00";"Failed";"FALSE";"51.5074 N, 139.6917 W";"Mobile";"Slice2";4;217;5677
"TXN4717279150";"ACC26092";"ACC16514";420.94;"Withdrawal";"2025-01-17 10:53:00";"Success";"TRUE";"51.5074 N, -118.2437 W";"Desktop";"Slice1";19;169;2240
"TXN2144060017";"ACC67900";"ACC32304";268.65;"Transfer";"2025-01-17 10:47:00";"Success";"TRUE";"35.6895 N, 37.6173 W";"Desktop";"Slice2";5;152;2143
"TXN3506993682";"ACC78750";"ACC36439";897.39;"Deposit";"2025-01-17 10:07:00";"Failed";"TRUE";"48.8566 N, -118.2437 W";"Mobile";"Slice3";9;208;4689
"TXN4445805450";"ACC71350";"ACC83566";543.02;"Deposit";"2025-01-17 10:23:00";"Failed";"FALSE";"35.6895 N, 0.1278 W";"Desktop";"Slice3";19;207;7039
"TXN6234566048";"ACC69741";"ACC64983";615.92;"Deposit";"2025-01-17 10:36:00";"Success";"TRUE";"40.7128 N, 0.1278 W";"Desktop";"Slice3";6;138;9501
"TXN7967055596";"ACC75603";"ACC32073";783.76;"Withdrawal";"2025-01-17 10:56:00";"Failed";"TRUE";"40.7128 N, 0.1278 W";"Desktop";"Slice2";19;95;4885
"TXN8149798658";"ACC51762";"ACC51094";69.26;"Withdrawal";"2025-01-17 10:10:00";"Failed";"FALSE";"55.7558 N, 2.3522 W";"Mobile";"Slice1";9;89;3020
"TXN3866221574";"ACC24246";"ACC83779";649.53;"Transfer";"2025-01-17 10:13:00";"Failed";"FALSE";"48.8566 N, -74.006 W";"Mobile";"Slice3";10;132;3718
"TXN7074825756";"ACC80128";"ACC82248";893.51;"Deposit";"2025-01-17 10:01:00";"Failed";"FALSE";"48.8566 N, 139.6917 W";"Desktop";"Slice3";19;205;1510
"TXN1264483408";"ACC92615";"ACC20606";978.2;"Deposit";"2025-01-17 10:05:00";"Failed";"TRUE";"51.5074 N, 0.1278 W";"Desktop";"Slice3";11;91;7541
"TXN6559269684";"ACC19685";"ACC72460";121.48;"Transfer";"2025-01-17 10:57:00";"Success";"FALSE";"55.7558 N, 139.6917 W";"Desktop";"Slice2";9;173;3254
"TXN5264915932";"ACC94323";"ACC61092";614.72;"Withdrawal";"2025-01-17 10:01:00";"Success";"FALSE";"34.0522 N, 139.6917 W";"Desktop";"Slice2";19;247;1881
"TXN2571649134";"ACC30528";"ACC36351";807.82;"Deposit";"2025-01-17 10:08:00";"Success";"TRUE";"55.7558 N, -74.006 W";"Desktop";"Slice1";11;76;4886
"TXN4168078707";"ACC66726";"ACC28270";567.4;"Deposit";"2025-01-17 10:05:00";"Success";"TRUE";"48.8566 N, -118.2437 W";"Desktop";"Slice3";19;128;3751
"TXN8990079335";"ACC97560";"ACC37375";892.61;"Deposit";"2025-01-17 10:36:00";"Success";"FALSE";"55.7558 N, 0.1278 W";"Mobile";"Slice3";14;101;3448
"TXN4521283693";"ACC91378";"ACC54434";633.35;"Deposit";"2025-01-17 11:00:00";"Failed";"FALSE";"40.7128 N, 0.1278 W";"Desktop";"Slice1";18;126;7132
"TXN1398097487";"ACC99684";"ACC66040";746.64;"Deposit";"2025-01-17 10:51:00";"Success";"TRUE";"40.7128 N, -118.2437 W";"Mobile";"Slice1";7;187;3218
"TXN8373322501";"ACC83947";"ACC42631";528.35;"Withdrawal";"2025-01-17 10:09:00";"Success";"FALSE";"55.7558 N, 139.6917 W";"Desktop";"Slice3";16;174;9819
"TXN4905953142";"ACC86519";"ACC44726";624.86;"Withdrawal";"2025-01-17 10:35:00";"Failed";"FALSE";"48.8566 N, 37.6173 W";"Mobile";"Slice1";17;214;4586
"TXN4933949135";"ACC43784";"ACC35641";535.09;"Deposit";"2025-01-17 10:44:00";"Failed";"FALSE";"51.5074 N, 139.6917 W";"Mobile";"Slice2";19;191;7667
"TXN1428054922";"ACC82828";"ACC77176";668.52;"Deposit";"2025-01-17 10:05:00";"Failed";"FALSE";"55.7558 N, 2.3522 W";"Mobile";"Slice1";15;151;5814
"TXN3264969836";"ACC85810";"ACC97228";487.74;"Transfer";"2025-01-17 10:40:00";"Success";"TRUE";"55.7558 N, 37.6173 W";"Mobile";"Slice3";6;204;5413
"TXN8730102843";"ACC80637";"ACC10646";215.42;"Deposit";"2025-01-17 10:13:00";"Success";"FALSE";"40.7128 N, 2.3522 W";"Desktop";"Slice2";14;172;7594
"TXN2498617562";"ACC70544";"ACC22763";786.57;"Transfer";"2025-01-17 10:23:00";"Success";"TRUE";"51.5074 N, 2.3522 W";"Mobile";"Slice1";9;82;3996
"TXN6622880955";"ACC73505";"ACC41835";396.08;"Transfer";"2025-01-17 10:23:00";"Failed";"TRUE";"34.0522 N, 0.1278 W";"Mobile";"Slice2";11;153;2898
"TXN1889402287";"ACC97828";"ACC93951";714.58;"Transfer";"2025-01-17 10:55:00";"Success";"FALSE";"35.6895 N, 0.1278 W";"Mobile";"Slice2";4;112;8671
"TXN4190406320";"ACC19348";"ACC46748";643.4;"Transfer";"2025-01-17 10:56:00";"Success";"FALSE";"55.7558 N, -118.2437 W";"Desktop";"Slice2";3;98;5305
"TXN5423422909";"ACC96725";"ACC59742";971.32;"Withdrawal";"2025-01-17 10:47:00";"Success";"FALSE";"40.7128 N, 2.3522 W";"Desktop";"Slice1";4;105;8090
"TXN8130580934";"ACC29795";"ACC77438";155.79;"Deposit";"2025-01-17 10:24:00";"Failed";"TRUE";"34.0522 N, -118.2437 W";"Mobile";"Slice2";11;192;5865
"TXN4627141841";"ACC87313";"ACC58959";337.59;"Transfer";"2025-01-17 10:06:00";"Success";"FALSE";"51.5074 N, 2.3522 W";"Mobile";"Slice2";19;124;7814
"TXN7937750067";"ACC26501";"ACC19142";540.97;"Transfer";"2025-01-17 10:15:00";"Failed";"TRUE";"55.7558 N, 2.3522 W";"Desktop";"Slice2";10;218;6257
"TXN8577286135";"ACC46443";"ACC59429";511.0;"Withdrawal";"2025-01-17 10:21:00";"Failed";"FALSE";"34.0522 N, -118.2437 W";"Mobile";"Slice3";17;248;1759
"TXN1685334204";"ACC78888";"ACC97477";364.2;"Withdrawal";"2025-01-17 10:17:00";"Success";"FALSE";"35.6895 N, 2.3522 W";"Mobile";"Slice3";12;169;3057
"TXN7466999126";"ACC25572";"ACC90703";364.83;"Deposit";"2025-01-17 10:29:00";"Failed";"TRUE";"34.0522 N, 2.3522 W";"Mobile";"Slice2";18;130;4725
"TXN5090978131";"ACC10108";"ACC93985";236.8;"Transfer";"2025-01-17 10:04:00";"Success";"FALSE";"35.6895 N, 37.6173 W";"Desktop";"Slice1";14;81;5555
"TXN1473484512";"ACC79935";"ACC87619";937.09;"Deposit";"2025-01-17 10:34:00";"Success";"FALSE";"35.6895 N, 139.6917 W";"Desktop";"Slice3";18;248;4347
"TXN9598663738";"ACC23360";"ACC80434";892.08;"Withdrawal";"2025-01-17 10:29:00";"Success";"TRUE";"51.5074 N, 139.6917 W";"Desktop";"Slice2";5;181;6308
"TXN1875086020";"ACC99006";"ACC20011";737.44;"Withdrawal";"2025-01-17 10:53:00";"Success";"FALSE";"55.7558 N, -118.2437 W";"Mobile";"Slice2";7;171;7764
"TXN6457249658";"ACC13820";"ACC22675";498.23;"Deposit";"2025-01-17 10:54:00";"Failed";"FALSE";"55.7558 N, 37.6173 W";"Desktop";"Slice3";14;175;6182
"TXN1042740208";"ACC44135";"ACC93631";395.37;"Transfer";"2025-01-17 10:01:00";"Success";"FALSE";"48.8566 N, 0.1278 W";"Desktop";"Slice2";13;245;7216
"TXN9407033145";"ACC54419";"ACC37965";160.93;"Transfer";"2025-01-17 10:05:00";"Failed";"FALSE";"35.6895 N, -118.2437 W";"Mobile";"Slice1";10;108;8753
"TXN9758276810";"ACC42292";"ACC46336";645.72;"Deposit";"2025-01-17 10:52:00";"Success";"TRUE";"40.7128 N, -74.006 W";"Desktop";"Slice2";15;175;5326
"TXN3992981513";"ACC61600";"ACC42975";914.39;"Transfer";"2025-01-17 10:05:00";"Failed";"TRUE";"40.7128 N, -118.2437 W";"Mobile";"Slice3";7;229;8919
"TXN5725214404";"ACC30050";"ACC22352";171.75;"Deposit";"2025-01-17 10:51:00";"Failed";"FALSE";"55.7558 N, 0.1278 W";"Mobile";"Slice3";20;221;1949
"TXN2584988889";"ACC60207";"ACC17005";948.68;"Withdrawal";"2025-01-17 10:36:00";"Failed";"TRUE";"40.7128 N, 37.6173 W";"Desktop";"Slice1";17;97;9870
"TXN3213179630";"ACC63547";"ACC22247";861.73;"Withdrawal";"2025-01-17 10:27:00";"Success";"FALSE";"40.7128 N, -118.2437 W";"Desktop";"Slice2";8;99;7508
"TXN3517372456";"ACC70412";"ACC83087";478.3;"Withdrawal";"2025-01-17 10:42:00";"Failed";"FALSE";"55.7558 N, 37.6173 W";"Mobile";"Slice1";8;99;1179
"TXN1506358242";"ACC82897";"ACC61397";741.61;"Transfer";"2025-01-17 10:01:00";"Success";"FALSE";"55.7558 N, -74.006 W";"Mobile";"Slice3";12;58;7171
"TXN2056037159";"ACC50236";"ACC84271";922.96;"Withdrawal";"2025-01-17 10:21:00";"Failed";"TRUE";"40.7128 N, -118.2437 W";"Desktop";"Slice2";5;212;4095
"TXN7318070182";"ACC33979";"ACC39144";672.07;"Transfer";"2025-01-17 10:30:00";"Failed";"FALSE";"40.7128 N, -118.2437 W";"Desktop";"Slice2";4;74;1786
"TXN1261240074";"ACC90621";"ACC33562";890.4;"Withdrawal";"2025-01-17 10:18:00";"Success";"TRUE";"51.5074 N, -118.2437 W";"Desktop";"Slice2";19;143;8809
"TXN1879342618";"ACC77551";"ACC64850";953.94;"Withdrawal";"2025-01-17 10:34:00";"Failed";"FALSE";"34.0522 N, -118.2437 W";"Mobile";"Slice1";3;145;1517
"TXN9862425974";"ACC40717";"ACC54938";608.07;"Transfer";"2025-01-17 10:47:00";"Success";"FALSE";"35.6895 N, 0.1278 W";"Desktop";"Slice3";13;223;9231
"TXN6593949300";"ACC94052";"ACC92241";256.17;"Transfer";"2025-01-17 11:00:00";"Failed";"FALSE";"55.7558 N, 0.1278 W";"Desktop";"Slice3";13;148;8852
"TXN1710747845";"ACC54508";"ACC76859";459.19;"Transfer";"2025-01-17 10:46:00";"Failed";"FALSE";"55.7558 N, -74.006 W";"Desktop";"Slice2";17;62;4033
"TXN5258198773";"ACC89017";"ACC53126";82.26;"Transfer";"2025-01-17 10:10:00";"Success";"FALSE";"48.8566 N, 2.3522 W";"Desktop";"Slice1";10;127;1488
"TXN1578471232";"ACC15227";"ACC49623";741.53;"Transfer";"2025-01-17 10:50:00";"Success";"FALSE";"34.0522 N, 2.3522 W";"Mobile";"Slice1";17;160;3240
"TXN1976924179";"ACC83776";"ACC82152";447.12;"Withdrawal";"2025-01-17 10:49:00";"Success";"TRUE";"40.7128 N, 2.3522 W";"Desktop";"Slice3";15;237;5084
"TXN1514038740";"ACC25986";"ACC14717";140.89;"Withdrawal";"2025-01-17 10:32:00";"Failed";"FALSE";"40.7128 N, 37.6173 W";"Mobile";"Slice3";9;122;9155
"TXN5340375676";"ACC14278";"ACC69811";273.81;"Withdrawal";"2025-01-17 10:59:00";"Success";"TRUE";"51.5074 N, -118.2437 W";"Mobile";"Slice1";16;79;7852
"TXN2152224485";"ACC81776";"ACC17057";523.24;"Withdrawal";"2025-01-17 10:56:00";"Failed";"TRUE";"48.8566 N, 2.3522 W";"Mobile";"Slice1";15;135;2525
"TXN1560794795";"ACC61408";"ACC65100";142.3;"Deposit";"2025-01-17 10:19:00";"Success";"TRUE";"48.8566 N, 2.3522 W";"Mobile";"Slice1";3;75;7403
"TXN5349278466";"ACC17037";"ACC21803";95.1;"Withdrawal";"2025-01-17 10:26:00";"Failed";"FALSE";"35.6895 N, 139.6917 W";"Mobile";"Slice3";15;189;3202
"TXN4508861333";"ACC70626";"ACC54925";561.12;"Withdrawal";"2025-01-17 10:34:00";"Failed";"FALSE";"51.5074 N, -74.006 W";"Desktop";"Slice2";6;163;9950
"TXN9591402229";"ACC66411";"ACC85248";712.91;"Deposit";"2025-01-17 10:14:00";"Failed";"TRUE";"55.7558 N, 2.3522 W";"Mobile";"Slice2";7;214;2961
"TXN6010561557";"ACC95145";"ACC19157";659.93;"Transfer";"2025-01-17 10:23:00";"Success";"FALSE";"51.5074 N, 139.6917 W";"Desktop";"Slice3";15;240;6387
"TXN4592850855";"ACC54180";"ACC62788";411.08;"Transfer";"2025-01-17 10:59:00";"Success";"FALSE";"40.7128 N, 139.6917 W";"Desktop";"Slice3";4;150;6586
"TXN8022246760";"ACC33515";"ACC12270";131.53;"Transfer";"2025-01-17 10:58:00";"Failed";"FALSE";"34.0522 N, 2.3522 W";"Desktop";"Slice3";14;82;5473
"TXN5703695908";"ACC71632";"ACC68862";218.74;"Withdrawal";"2025-01-17 10:19:00";"Failed";"FALSE";"35.6895 N, -118.2437 W";"Mobile";"Slice1";19;172;3786
"TXN3745560897";"ACC34706";"ACC74207";943.59;"Withdrawal";"2025-01-17 10:12:00";"Success";"FALSE";"40.7128 N, 37.6173 W";"Desktop";"Slice1";14;123;8519
"TXN6850517635";"ACC14761";"ACC96544";592.7;"Deposit";"2025-01-17 10:49:00";"Failed";"TRUE";"48.8566 N, 0.1278 W";"Mobile";"Slice1";9;194;1649
"TXN3229991141";"ACC60117";"ACC51255";723.43;"Transfer";"2025-01-17 10:42:00";"Failed";"TRUE";"34.0522 N, 37.6173 W";"Desktop";"Slice2";10;56;7409
"TXN2567312830";"ACC95501";"ACC10188";86.27;"Deposit";"2025-01-17 10:25:00";"Failed";"FALSE";"51.5074 N, 0.1278 W";"Desktop";"Slice2";18;113;2499
"TXN9451536828";"ACC62122";"ACC26214";366.82;"Withdrawal";"2025-01-17 10:21:00";"Success";"FALSE";"40.7128 N, 139.6917 W";"Desktop";"Slice1";4;52;1115
"TXN1804071554";"ACC73139";"ACC10365";420.72;"Transfer";"2025-01-17 10:37:00";"Success";"FALSE";"35.6895 N, -118.2437 W";"Desktop";"Slice2";7;220;2894
"TXN5952543306";"ACC35980";"ACC59716";976.48;"Deposit";"2025-01-17 10:52:00";"Failed";"FALSE";"48.8566 N, 37.6173 W";"Mobile";"Slice1";7;130;8375
"TXN3960056916";"ACC57367";"ACC98500";546.59;"Transfer";"2025-01-17 10:56:00";"Failed";"TRUE";"40.7128 N, 0.1278 W";"Desktop";"Slice3";18;172;4084
"TXN2738370974";"ACC83707";"ACC15731";984.69;"Withdrawal";"2025-01-17 10:09:00";"Success";"TRUE";"48.8566 N, 0.1278 W";"Desktop";"Slice1";10;212;9948
"TXN7765840896";"ACC58221";"ACC36613";124.97;"Transfer";"2025-01-17 10:14:00";"Success";"TRUE";"35.6895 N, -118.2437 W";"Desktop";"Slice1";4;83;4956
"TXN3732099369";"ACC25052";"ACC46633";376.24;"Deposit";"2025-01-17 10:08:00";"Failed";"TRUE";"48.8566 N, 0.1278 W";"Mobile";"Slice1";15;80;6409
"TXN5530860650";"ACC41494";"ACC38025";99.92;"Deposit";"2025-01-17 10:16:00";"Success";"TRUE";"34.0522 N, 2.3522 W";"Mobile";"Slice2";13;88;3118
"TXN8297322746";"ACC95784";"ACC52100";497.89;"Transfer";"2025-01-17 10:57:00";"Failed";"FALSE";"34.0522 N, 37.6173 W";"Mobile";"Slice2";16;65;4476
"TXN4789765472";"ACC76577";"ACC55052";902.0;"Transfer";"2025-01-17 10:29:00";"Failed";"FALSE";"55.7558 N, -118.2437 W";"Desktop";"Slice3";11;59;8403
"TXN4983297393";"ACC24008";"ACC96031";908.73;"Transfer";"2025-01-17 10:09:00";"Success";"FALSE";"40.7128 N, 139.6917 W";"Mobile";"Slice2";13;75;4030
"TXN9765597378";"ACC22952";"ACC26670";368.3;"Withdrawal";"2025-01-17 10:13:00";"Success";"TRUE";"35.6895 N, -74.006 W";"Desktop";"Slice2";16;200;3532
"TXN4214354284";"ACC59051";"ACC81518";166.5;"Withdrawal";"2025-01-17 10:06:00";"Failed";"FALSE";"35.6895 N, 139.6917 W";"Desktop";"Slice1";16;119;5632
"TXN8722779257";"ACC22975";"ACC45396";954.31;"Transfer";"2025-01-17 10:22:00";"Failed";"TRUE";"55.7558 N, 2.3522 W";"Desktop";"Slice3";9;96;4196
"TXN9270204123";"ACC96790";"ACC82293";622.19;"Transfer";"2025-01-17 10:57:00";"Failed";"FALSE";"48.8566 N, -118.2437 W";"Mobile";"Slice3";9;230;2830
"TXN1463585343";"ACC52594";"ACC61352";782.21;"Deposit";"2025-01-17 10:37:00";"Failed";"TRUE";"40.7128 N, -118.2437 W";"Desktop";"Slice1";10;181;2679
"TXN1968611398";"ACC86893";"ACC47672";738.34;"Deposit";"2025-01-17 10:01:00";"Success";"TRUE";"40.7128 N, 0.1278 W";"Mobile";"Slice3";13;194;2399
"TXN6502377673";"ACC69604";"ACC73317";79.96;"Withdrawal";"2025-01-17 10:23:00";"Success";"FALSE";"35.6895 N, -118.2437 W";"Mobile";"Slice2";9;88;3446
"TXN9235977703";"ACC93288";"ACC51744";138.44;"Transfer";"2025-01-17 10:50:00";"Success";"FALSE";"48.8566 N, -118.2437 W";"Mobile";"Slice2";14;199;7252
"TXN8812176395";"ACC57534";"ACC72211";781.77;"Withdrawal";"2025-01-17 10:03:00";"Success";"FALSE";"55.7558 N, 0.1278 W";"Desktop";"Slice3";11;220;7737
"TXN4083792867";"ACC31169";"ACC70535";420.19;"Deposit";"2025-01-17 10:20:00";"Failed";"TRUE";"34.0522 N, 2.3522 W";"Mobile";"Slice2";5;200;1654
"TXN9829142303";"ACC91562";"ACC45567";191.15;"Transfer";"2025-01-17 10:38:00";"Failed";"TRUE";"35.6895 N, 139.6917 W";"Mobile";"Slice3";7;178;5867
"TXN2662283774";"ACC43896";"ACC70488";668.82;"Transfer";"2025-01-17 10:21:00";"Success";"FALSE";"40.7128 N, 37.6173 W";"Mobile";"Slice2";11;92;3517
"TXN7267935231";"ACC10570";"ACC45348";685.34;"Withdrawal";"2025-01-17 10:34:00";"Success";"TRUE";"34.0522 N, 37.6173 W";"Mobile";"Slice3";9;128;9916
"TXN4785520039";"ACC13307";"ACC37883";958.98;"Withdrawal";"2025-01-17 10:34:00";"Success";"FALSE";"55.7558 N, 0.1278 W";"Desktop";"Slice2";17;212;8727
"TXN5691250882";"ACC49257";"ACC56878";621.44;"Transfer";"2025-01-17 10:34:00";"Success";"TRUE";"40.7128 N, 139.6917 W";"Desktop";"Slice3";10;74;3888
"TXN2889971008";"ACC79989";"ACC65977";769.38;"Transfer";"2025-01-17 10:25:00";"Success";"FALSE";"51.5074 N, 0.1278 W";"Mobile";"Slice2";5;109;9953
"TXN7454573377";"ACC69625";"ACC58914";235.97;"Withdrawal";"2025-01-17 10:52:00";"Success";"TRUE";"51.5074 N, 139.6917 W";"Desktop";"Slice3";7;193;5526
"TXN7851379191";"ACC25858";"ACC14262";350.45;"Transfer";"2025-01-17 10:51:00";"Failed";"FALSE";"51.5074 N, 139.6917 W";"Desktop";"Slice1";6;213;2771
"TXN7690248564";"ACC51379";"ACC15453";802.61;"Withdrawal";"2025-01-17 10:05:00";"Failed";"TRUE";"34.0522 N, -74.006 W";"Desktop";"Slice3";13;110;3675
"TXN8188062560";"ACC46197";"ACC87821";401.53;"Withdrawal";"2025-01-17 10:22:00";"Success";"FALSE";"35.6895 N, 37.6173 W";"Mobile";"Slice3";11;103;6972
"TXN9172243892";"ACC51717";"ACC89206";427.54;"Withdrawal";"2025-01-17 10:31:00";"Failed";"FALSE";"48.8566 N, 139.6917 W";"Desktop";"Slice2";16;93;8423
"TXN4288928616";"ACC23024";"ACC23917";217.64;"Withdrawal";"2025-01-17 10:35:00";"Failed";"TRUE";"34.0522 N, -74.006 W";"Desktop";"Slice1";9;77;7474
"TXN3409498103";"ACC62000";"ACC93041";251.82;"Transfer";"2025-01-17 10:58:00";"Success";"TRUE";"35.6895 N, -118.2437 W";"Mobile";"Slice3";19;106;9767
"TXN4884922166";"ACC62562";"ACC28489";815.81;"Transfer";"2025-01-17 10:06:00";"Failed";"TRUE";"48.8566 N, 139.6917 W";"Desktop";"Slice2";10;105;1942
"TXN9924409937";"ACC14164";"ACC11844";931.5;"Transfer";"2025-01-17 10:52:00";"Failed";"TRUE";"51.5074 N, 2.3522 W";"Mobile";"Slice1";6;247;8802
"TXN1537373231";"ACC37253";"ACC11656";503.36;"Transfer";"2025-01-17 10:37:00";"Failed";"TRUE";"34.0522 N, -74.006 W";"Mobile";"Slice2";16;237;8005
"TXN9418716802";"ACC43474";"ACC49541";609.1;"Transfer";"2025-01-17 10:23:00";"Failed";"FALSE";"35.6895 N, 2.3522 W";"Desktop";"Slice2";16;184;3973
"TXN9464334434";"ACC68021";"ACC23970";479.45;"Withdrawal";"2025-01-17 10:44:00";"Failed";"TRUE";"55.7558 N, -74.006 W";"Mobile";"Slice3";3;136;9295
"TXN3062186394";"ACC15981";"ACC42485";592.71;"Withdrawal";"2025-01-17 10:33:00";"Failed";"TRUE";"34.0522 N, 139.6917 W";"Mobile";"Slice2";18;212;8808
"TXN5277052822";"ACC22823";"ACC32041";344.15;"Transfer";"2025-01-17 10:51:00";"Success";"TRUE";"34.0522 N, 0.1278 W";"Mobile";"Slice3";6;150;4990
"TXN1056906180";"ACC62489";"ACC84079";726.81;"Deposit";"2025-01-17 10:57:00";"Failed";"FALSE";"40.7128 N, -74.006 W";"Mobile";"Slice3";3;184;6500
"TXN6101337345";"ACC66261";"ACC75576";299.45;"Deposit";"2025-01-17 10:30:00";"Success";"TRUE";"55.7558 N, 2.3522 W";"Mobile";"Slice2";20;90;1618
"TXN3962466221";"ACC37482";"ACC38867";747.08;"Transfer";"2025-01-17 10:56:00";"Success";"TRUE";"40.7128 N, 0.1278 W";"Desktop";"Slice1";3;155;4707
"TXN9915802724";"ACC18274";"ACC66957";193.87;"Deposit";"2025-01-17 10:44:00";"Failed";"FALSE";"35.6895 N, 2.3522 W";"Mobile";"Slice1";3;135;3152
"TXN1367503203";"ACC94359";"ACC74980";386.64;"Deposit";"2025-01-17 10:59:00";"Success";"TRUE";"51.5074 N, 0.1278 W";"Desktop";"Slice3";10;121;9095
"TXN7284540949";"ACC46333";"ACC52400";105.99;"Withdrawal";"2025-01-17 10:37:00";"Failed";"TRUE";"51.5074 N, 37.6173 W";"Desktop";"Slice2";3;87;7605
"TXN1794005869";"ACC86399";"ACC41719";451.03;"Transfer";"2025-01-17 10:05:00";"Success";"TRUE";"48.8566 N, 2.3522 W";"Mobile";"Slice3";15;210;4967
"TXN2303112978";"ACC52463";"ACC23188";150.68;"Deposit";"2025-01-17 10:48:00";"Success";"TRUE";"35.6895 N, 139.6917 W";"Mobile";"Slice3";11;94;9215
"TXN2158684825";"ACC44641";"ACC40570";760.84;"Withdrawal";"2025-01-17 10:38:00";"Failed";"FALSE";"48.8566 N, 2.3522 W";"Mobile";"Slice3";15;158;8947
"TXN2180308712";"ACC54594";"ACC19310";849.81;"Transfer";"2025-01-17 10:49:00";"Failed";"TRUE";"34.0522 N, -74.006 W";"Mobile";"Slice1";17;203;2116
"TXN4282498636";"ACC79850";"ACC64592";926.66;"Withdrawal";"2025-01-17 10:40:00";"Success";"TRUE";"48.8566 N, 37.6173 W";"Mobile";"Slice3";10;83;3347
"TXN7960889764";"ACC72775";"ACC59708";327.76;"Withdrawal";"2025-01-17 10:47:00";"Success";"FALSE";"34.0522 N, 139.6917 W";"Desktop";"Slice3";10;135;5968
"TXN8704693172";"ACC12639";"ACC94255";845.26;"Transfer";"2025-01-17 10:32:00";"Failed";"FALSE";"51.5074 N, -118.2437 W";"Desktop";"Slice2";15;217;6242
"TXN6551584962";"ACC31420";"ACC88372";417.63;"Transfer";"2025-01-17 10:05:00";"Success";"TRUE";"34.0522 N, 0.1278 W";"Desktop";"Slice2";15;71;2567
"TXN7496746303";"ACC86537";"ACC56703";726.13;"Withdrawal";"2025-01-17 10:54:00";"Success";"TRUE";"40.7128 N, 0.1278 W";"Mobile";"Slice2";5;173;9808
"TXN8589870338";"ACC62754";"ACC42119";481.5;"Withdrawal";"2025-01-17 10:43:00";"Success";"FALSE";"51.5074 N, 139.6917 W";"Desktop";"Slice1";16;125;4608
"TXN5766314722";"ACC66287";"ACC25255";847.66;"Deposit";"2025-01-17 10:53:00";"Failed";"TRUE";"35.6895 N, 2.3522 W";"Mobile";"Slice1";15;198;4436
"TXN3155052574";"ACC68069";"ACC89196";135.33;"Withdrawal";"2025-01-17 10:40:00";"Failed";"TRUE";"34.0522 N, 139.6917 W";"Mobile";"Slice1";9;78;9008
"TXN2224269988";"ACC77747";"ACC10943";725.84;"Deposit";"2025-01-17 10:18:00";"Success";"FALSE";"34.0522 N, 0.1278 W";"Desktop";"Slice2";15;160;4396
"TXN1285498928";"ACC57627";"ACC98533";374.88;"Deposit";"2025-01-17 10:38:00";"Failed";"TRUE";"51.5074 N, -74.006 W";"Mobile";"Slice1";20;81;8985
"TXN2274786678";"ACC67196";"ACC34138";226.12;"Deposit";"2025-01-17 10:11:00";"Failed";"FALSE";"51.5074 N, 37.6173 W";"Mobile";"Slice3";12;200;1582
"TXN8890390631";"ACC99054";"ACC97489";827.52;"Withdrawal";"2025-01-17 10:31:00";"Failed";"TRUE";"34.0522 N, -74.006 W";"Desktop";"Slice1";12;73;9403
"TXN3188124963";"ACC17123";"ACC17598";468.29;"Deposit";"2025-01-17 10:24:00";"Failed";"TRUE";"55.7558 N, 2.3522 W";"Desktop";"Slice2";6;144;6232
"TXN7297484921";"ACC69738";"ACC99464";534.53;"Deposit";"2025-01-17 10:06:00";"Failed";"TRUE";"34.0522 N, 0.1278 W";"Mobile";"Slice1";16;153;1472
"TXN6713156564";"ACC43417";"ACC38719";921.16;"Withdrawal";"2025-01-17 10:45:00";"Success";"FALSE";"35.6895 N, 2.3522 W";"Desktop";"Slice1";19;202;5779
"TXN7140240715";"ACC57840";"ACC63698";493.04;"Deposit";"2025-01-17 10:41:00";"Success";"TRUE";"34.0522 N, -118.2437 W";"Mobile";"Slice3";3;61;7145
"TXN3914244875";"ACC88176";"ACC46950";875.82;"Transfer";"2025-01-17 10:26:00";"Failed";"TRUE";"55.7558 N, -74.006 W";"Desktop";"Slice2";10;77;7910
"TXN5469662722";"ACC97389";"ACC28777";152.45;"Deposit";"2025-01-17 10:59:00";"Failed";"FALSE";"40.7128 N, 2.3522 W";"Desktop";"Slice1";12;214;4457
"TXN4099617388";"ACC64984";"ACC66528";939.81;"Transfer";"2025-01-17 10:02:00";"Success";"FALSE";"51.5074 N, 0.1278 W";"Mobile";"Slice3";19;250;9706
"TXN5516499698";"ACC54756";"ACC20263";530.44;"Transfer";"2025-01-17 10:07:00";"Failed";"FALSE";"34.0522 N, 2.3522 W";"Mobile";"Slice2";13;64;7903
"TXN4485189988";"ACC30798";"ACC90045";145.6;"Withdrawal";"2025-01-17 10:23:00";"Failed";"TRUE";"35.6895 N, 139.6917 W";"Mobile";"Slice3";7;132;9875
"TXN8745969736";"ACC34512";"ACC51551";265.48;"Withdrawal";"2025-01-17 10:55:00";"Failed";"FALSE";"34.0522 N, 37.6173 W";"Desktop";"Slice1";19;152;2336
"TXN9905734561";"ACC14432";"ACC93558";512.81;"Deposit";"2025-01-17 10:34:00";"Failed";"TRUE";"35.6895 N, 2.3522 W";"Desktop";"Slice1";8;232;8035
"TXN3081071442";"ACC31534";"ACC23501";894.19;"Transfer";"2025-01-17 10:17:00";"Success";"TRUE";"51.5074 N, 0.1278 W";"Mobile";"Slice3";12;231;2314
"TXN8486454934";"ACC39701";"ACC54482";717.43;"Deposit";"2025-01-17 10:01:00";"Success";"TRUE";"35.6895 N, 139.6917 W";"Desktop";"Slice1";15;129;7788
"TXN8646637708";"ACC26086";"ACC47587";912.78;"Deposit";"2025-01-17 10:20:00";"Success";"FALSE";"55.7558 N, 37.6173 W";"Desktop";"Slice2";16;228;8300
"TXN7695035207";"ACC78538";"ACC65514";646.48;"Deposit";"2025-01-17 10:27:00";"Failed";"FALSE";"48.8566 N, 0.1278 W";"Desktop";"Slice2";13;139;4245
"TXN7630113676";"ACC54962";"ACC12346";904.54;"Transfer";"2025-01-17 10:05:00";"Success";"TRUE";"51.5074 N, -74.006 W";"Mobile";"Slice3";13;243;8846
"TXN4304334477";"ACC14700";"ACC95607";662.74;"Transfer";"2025-01-17 10:23:00";"Failed";"FALSE";"48.8566 N, -74.006 W";"Mobile";"Slice3";16;188;9286
"TXN9328528150";"ACC15595";"ACC31081";946.2;"Deposit";"2025-01-17 10:38:00";"Failed";"TRUE";"51.5074 N, -74.006 W";"Mobile";"Slice3";16;200;9169
"TXN1027199935";"ACC37487";"ACC77079";228.45;"Transfer";"2025-01-17 10:14:00";"Success";"FALSE";"48.8566 N, 37.6173 W";"Desktop";"Slice1";17;74;3939
"TXN1519832715";"ACC65856";"ACC49534";734.99;"Deposit";"2025-01-17 10:09:00";"Failed";"FALSE";"48.8566 N, 37.6173 W";"Desktop";"Slice3";15;100;8306
"TXN4654450936";"ACC40448";"ACC64201";220.56;"Withdrawal";"2025-01-17 10:49:00";"Failed";"FALSE";"51.5074 N, -74.006 W";"Mobile";"Slice1";17;176;4167
"TXN7190517370";"ACC38736";"ACC57803";87.4;"Deposit";"2025-01-17 10:25:00";"Success";"TRUE";"40.7128 N, 37.6173 W";"Desktop";"Slice1";3;236;6648
"TXN2013672155";"ACC12216";"ACC68938";245.59;"Transfer";"2025-01-17 10:11:00";"Failed";"TRUE";"34.0522 N, -74.006 W";"Desktop";"Slice2";3;56;7937
"TXN1009840095";"ACC54943";"ACC49366";115.33;"Transfer";"2025-01-17 10:24:00";"Success";"FALSE";"55.7558 N, 37.6173 W";"Mobile";"Slice2";8;82;4916
"TXN7999376225";"ACC62620";"ACC43275";424.14;"Transfer";"2025-01-17 10:53:00";"Failed";"FALSE";"40.7128 N, 0.1278 W";"Desktop";"Slice2";4;99;6296
"TXN8160409252";"ACC19769";"ACC18211";118.47;"Withdrawal";"2025-01-17 10:25:00";"Failed";"TRUE";"51.5074 N, 2.3522 W";"Mobile";"Slice3";9;102;9480
"TXN9716899160";"ACC20942";"ACC14865";733.38;"Withdrawal";"2025-01-17 10:51:00";"Success";"TRUE";"40.7128 N, -118.2437 W";"Mobile";"Slice3";3;150;5947
"TXN7021871590";"ACC96779";"ACC80536";927.51;"Transfer";"2025-01-17 10:26:00";"Success";"TRUE";"40.7128 N, 0.1278 W";"Mobile";"Slice3";18;182;6370
"TXN5890230581";"ACC25122";"ACC44204";507.14;"Deposit";"2025-01-17 10:39:00";"Success";"TRUE";"40.7128 N, 2.3522 W";"Desktop";"Slice2";17;193;8685
"TXN5259427532";"ACC19742";"ACC32118";147.52;"Deposit";"2025-01-17 10:53:00";"Success";"TRUE";"51.5074 N, 0.1278 W";"Desktop";"Slice2";20;92;9231
"TXN6434340123";"ACC18670";"ACC55222";909.99;"Deposit";"2025-01-17 10:20:00";"Success";"FALSE";"40.7128 N, 0.1278 W";"Mobile";"Slice1";15;103;9631
"TXN5512698980";"ACC28763";"ACC24097";725.22;"Deposit";"2025-01-17 10:15:00";"Failed";"TRUE";"55.7558 N, 139.6917 W";"Desktop";"Slice2";18;140;5751
"TXN5642409479";"ACC64953";"ACC47717";827.33;"Deposit";"2025-01-17 10:02:00";"Failed";"TRUE";"40.7128 N, -118.2437 W";"Desktop";"Slice1";5;108;8866
"TXN4863583366";"ACC96531";"ACC66183";59.49;"Transfer";"2025-01-17 10:58:00";"Failed";"TRUE";"51.5074 N, 0.1278 W";"Desktop";"Slice1";15;196;3289
"TXN2807500909";"ACC42613";"ACC42918";602.34;"Transfer";"2025-01-17 10:03:00";"Success";"TRUE";"55.7558 N, 37.6173 W";"Desktop";"Slice3";17;170;4788
"TXN6891762184";"ACC63967";"ACC90350";897.01;"Deposit";"2025-01-17 10:31:00";"Success";"FALSE";"48.8566 N, 0.1278 W";"Desktop";"Slice3";7;60;4461
"TXN5876009850";"ACC51158";"ACC27191";692.63;"Withdrawal";"2025-01-17 10:51:00";"Success";"FALSE";"51.5074 N, -74.006 W";"Mobile";"Slice1";17;151;8513
"TXN9108039354";"ACC81579";"ACC70447";968.11;"Deposit";"2025-01-17 10:24:00";"Success";"FALSE";"55.7558 N, 2.3522 W";"Mobile";"Slice3";6;200;6733
"TXN6549632788";"ACC10043";"ACC88019";676.86;"Deposit";"2025-01-17 10:37:00";"Failed";"FALSE";"55.7558 N, -74.006 W";"Desktop";"Slice3";11;96;6034
"TXN8061097504";"ACC74642";"ACC30873";163.42;"Withdrawal";"2025-01-17 10:30:00";"Failed";"TRUE";"40.7128 N, 37.6173 W";"Mobile";"Slice2";15;169;1127
"TXN4865155116";"ACC92160";"ACC78035";676.31;"Withdrawal";"2025-01-17 10:44:00";"Failed";"TRUE";"55.7558 N, -118.2437 W";"Mobile";"Slice1";5;230;7749
"TXN6280489068";"ACC63567";"ACC18427";954.23;"Withdrawal";"2025-01-17 10:55:00";"Success";"TRUE";"55.7558 N, -74.006 W";"Mobile";"Slice2";15;79;4192
"TXN6147229485";"ACC29295";"ACC96401";800.64;"Withdrawal";"2025-01-17 10:50:00";"Success";"FALSE";"55.7558 N, 2.3522 W";"Desktop";"Slice2";4;142;3566
"TXN7444932806";"ACC63082";"ACC11551";727.62;"Transfer";"2025-01-17 10:07:00";"Success";"FALSE";"55.7558 N, 37.6173 W";"Desktop";"Slice1";6;57;9665
"TXN6187390659";"ACC36830";"ACC35791";348.58;"Withdrawal";"2025-01-17 10:42:00";"Success";"TRUE";"48.8566 N, 139.6917 W";"Desktop";"Slice1";10;77;3512
"TXN1806416150";"ACC93504";"ACC75996";721.39;"Deposit";"2025-01-17 10:24:00";"Failed";"FALSE";"40.7128 N, 2.3522 W";"Desktop";"Slice2";3;82;7758
"TXN4093369509";"ACC47989";"ACC97491";688.03;"Withdrawal";"2025-01-17 10:03:00";"Success";"FALSE";"51.5074 N, -118.2437 W";"Desktop";"Slice2";14;166;3554
"TXN4241858851";"ACC32144";"ACC23303";78.53;"Transfer";"2025-01-17 10:48:00";"Failed";"FALSE";"48.8566 N, 0.1278 W";"Mobile";"Slice1";9;114;9871
"TXN6135136280";"ACC80202";"ACC20579";86.89;"Withdrawal";"2025-01-17 10:19:00";"Failed";"FALSE";"34.0522 N, -74.006 W";"Mobile";"Slice3";4;109;1696
"TXN3164901783";"ACC86774";"ACC57313";275.82;"Deposit";"2025-01-17 10:48:00";"Success";"TRUE";"34.0522 N, 139.6917 W";"Mobile";"Slice2";20;112;9027
"TXN6033289469";"ACC21381";"ACC50642";231.96;"Transfer";"2025-01-17 10:02:00";"Failed";"TRUE";"48.8566 N, 139.6917 W";"Mobile";"Slice2";8;193;6060
"TXN4177656671";"ACC17862";"ACC11488";558.08;"Deposit";"2025-01-17 11:00:00";"Success";"TRUE";"55.7558 N, 2.3522 W";"Desktop";"Slice1";19;122;4004
"TXN4973333734";"ACC71245";"ACC38629";855.53;"Deposit";"2025-01-17 10:12:00";"Success";"TRUE";"55.7558 N, 0.1278 W";"Mobile";"Slice1";15;142;1683
"TXN7103211368";"ACC87678";"ACC94847";109.93;"Deposit";"2025-01-17 10:42:00";"Failed";"TRUE";"48.8566 N, -118.2437 W";"Mobile";"Slice3";16;107;6989
"TXN6774647261";"ACC83881";"ACC65341";329.15;"Transfer";"2025-01-17 11:00:00";"Success";"TRUE";"48.8566 N, 139.6917 W";"Desktop";"Slice2";15;192;7015
"TXN7408966343";"ACC39498";"ACC97070";58.69;"Transfer";"2025-01-17 10:07:00";"Failed";"FALSE";"34.0522 N, -118.2437 W";"Mobile";"Slice1";9;136;4829
"TXN1684589936";"ACC64300";"ACC85697";345.62;"Withdrawal";"2025-01-17 10:24:00";"Failed";"FALSE";"35.6895 N, -74.006 W";"Desktop";"Slice1";11;249;3265
"TXN7142871079";"ACC28994";"ACC90586";438.45;"Deposit";"2025-01-17 10:26:00";"Failed";"TRUE";"51.5074 N, 37.6173 W";"Mobile";"Slice2";15;84;7982
"TXN7255939236";"ACC14492";"ACC81365";54.96;"Transfer";"2025-01-17 10:06:00";"Success";"FALSE";"48.8566 N, -118.2437 W";"Mobile";"Slice1";13;80;4389
"TXN9388955721";"ACC53507";"ACC19376";881.39;"Transfer";"2025-01-17 10:49:00";"Success";"TRUE";"40.7128 N, 139.6917 W";"Desktop";"Slice1";18;65;8426
"TXN6956710652";"ACC59937";"ACC72083";890.41;"Withdrawal";"2025-01-17 10:12:00";"Success";"FALSE";"35.6895 N, -118.2437 W";"Desktop";"Slice3";20;209;8663
"TXN5412325506";"ACC49283";"ACC17922";224.29;"Withdrawal";"2025-01-17 10:07:00";"Failed";"FALSE";"35.6895 N, 139.6917 W";"Desktop";"Slice2";7;59;1895
"TXN6482881540";"ACC68203";"ACC30527";671.09;"Transfer";"2025-01-17 10:26:00";"Success";"TRUE";"55.7558 N, -74.006 W";"Mobile";"Slice2";11;226;3380
"TXN9984520277";"ACC36712";"ACC63075";149.22;"Deposit";"2025-01-17 11:00:00";"Success";"TRUE";"35.6895 N, 139.6917 W";"Mobile";"Slice3";11;181;8448
"TXN9077266257";"ACC92050";"ACC85728";918.7;"Deposit";"2025-01-17 10:22:00";"Success";"TRUE";"40.7128 N, 37.6173 W";"Mobile";"Slice2";14;156;4077
"TXN5689924166";"ACC70707";"ACC61130";427.26;"Deposit";"2025-01-17 10:13:00";"Success";"FALSE";"34.0522 N, -118.2437 W";"Desktop";"Slice2";15;156;1498
"TXN8636686575";"ACC93548";"ACC42106";630.84;"Withdrawal";"2025-01-17 10:54:00";"Failed";"FALSE";"35.6895 N, 0.1278 W";"Desktop";"Slice1";20;207;2495
"TXN2617645101";"ACC64441";"ACC97513";55.17;"Transfer";"2025-01-17 10:28:00";"Failed";"FALSE";"35.6895 N, -74.006 W";"Mobile";"Slice3";17;209;1176
"TXN5884141090";"ACC87519";"ACC55381";293.9;"Deposit";"2025-01-17 10:02:00";"Success";"FALSE";"34.0522 N, 37.6173 W";"Mobile";"Slice3";5;123;3761
"TXN1475843170";"ACC41101";"ACC23216";440.3;"Transfer";"2025-01-17 10:06:00";"Failed";"FALSE";"40.7128 N, 139.6917 W";"Desktop";"Slice2";16;229;5359
"TXN4227899265";"ACC65747";"ACC20563";739.69;"Transfer";"2025-01-17 10:40:00";"Failed";"FALSE";"48.8566 N, 139.6917 W";"Desktop";"Slice2";8;59;1094
"TXN7679630871";"ACC25570";"ACC61224";806.15;"Withdrawal";"2025-01-17 10:53:00";"Failed";"FALSE";"48.8566 N, -118.2437 W";"Desktop";"Slice3";8;114;2837
"TXN6137594808";"ACC97313";"ACC19149";741.96;"Transfer";"2025-01-17 10:30:00";"Success";"TRUE";"51.5074 N, -118.2437 W";"Mobile";"Slice2";10;205;4659
"TXN8607691435";"ACC13367";"ACC35613";304.9;"Deposit";"2025-01-17 10:53:00";"Failed";"TRUE";"55.7558 N, 0.1278 W";"Mobile";"Slice1";20;154;7755
"TXN7681972361";"ACC98822";"ACC25732";741.72;"Transfer";"2025-01-17 10:13:00";"Success";"FALSE";"34.0522 N, 139.6917 W";"Mobile";"Slice1";3;78;3610
"TXN6226593450";"ACC75732";"ACC87833";487.33;"Deposit";"2025-01-17 10:05:00";"Success";"TRUE";"40.7128 N, 37.6173 W";"Mobile";"Slice1";15;132;6431
"TXN3832468814";"ACC30411";"ACC89361";501.06;"Transfer";"2025-01-17 10:23:00";"Success";"TRUE";"55.7558 N, 2.3522 W";"Desktop";"Slice2";10;168;6221
"TXN7238168935";"ACC93016";"ACC33694";295.86;"Withdrawal";"2025-01-17 10:36:00";"Failed";"FALSE";"51.5074 N, 37.6173 W";"Desktop";"Slice1";6;180;4465
"TXN5691669939";"ACC53374";"ACC72898";369.79;"Withdrawal";"2025-01-17 10:17:00";"Success";"FALSE";"34.0522 N, 0.1278 W";"Mobile";"Slice3";4;87;7013
"TXN3908230781";"ACC15821";"ACC43879";306.68;"Withdrawal";"2025-01-17 10:57:00";"Success";"FALSE";"34.0522 N, -118.2437 W";"Desktop";"Slice1";11;61;4302
"TXN9364574524";"ACC52775";"ACC73924";546.48;"Transfer";"2025-01-17 10:56:00";"Failed";"FALSE";"55.7558 N, -74.006 W";"Desktop";"Slice3";11;56;8521
"TXN9041339676";"ACC50375";"ACC53869";662.62;"Transfer";"2025-01-17 10:16:00";"Success";"FALSE";"51.5074 N, -74.006 W";"Desktop";"Slice3";6;81;4790
"TXN4465020791";"ACC75741";"ACC46887";827.95;"Transfer";"2025-01-17 10:15:00";"Failed";"FALSE";"35.6895 N, 0.1278 W";"Desktop";"Slice3";11;89;4463
"TXN4660989719";"ACC43060";"ACC70548";935.02;"Deposit";"2025-01-17 10:40:00";"Failed";"FALSE";"35.6895 N, -118.2437 W";"Desktop";"Slice3";9;217;3882
"TXN4097123150";"ACC36805";"ACC33267";519.04;"Deposit";"2025-01-17 10:52:00";"Success";"FALSE";"40.7128 N, 139.6917 W";"Mobile";"Slice2";3;132;3407
"TXN7739005738";"ACC42183";"ACC40073";171.92;"Deposit";"2025-01-17 10:55:00";"Failed";"FALSE";"48.8566 N, 0.1278 W";"Mobile";"Slice3";17;184;1657
"TXN2216713090";"ACC19437";"ACC87522";827.11;"Transfer";"2025-01-17 10:28:00";"Success";"FALSE";"34.0522 N, -74.006 W";"Mobile";"Slice1";7;80;1776
"TXN4299026679";"ACC81116";"ACC90268";108.56;"Deposit";"2025-01-17 10:20:00";"Failed";"TRUE";"40.7128 N, 37.6173 W";"Mobile";"Slice3";5;110;7519
"TXN5910132280";"ACC85661";"ACC75676";485.89;"Transfer";"2025-01-17 10:35:00";"Failed";"TRUE";"48.8566 N, -118.2437 W";"Desktop";"Slice3";16;175;3880
"TXN7406270861";"ACC11813";"ACC32424";106.01;"Withdrawal";"2025-01-17 10:59:00";"Failed";"TRUE";"48.8566 N, 37.6173 W";"Mobile";"Slice3";12;180;3941
"TXN2404826022";"ACC81145";"ACC30363";378.83;"Transfer";"2025-01-17 10:30:00";"Success";"TRUE";"34.0522 N, -118.2437 W";"Desktop";"Slice2";17;64;9997
"TXN8124689743";"ACC89997";"ACC99632";654.1;"Transfer";"2025-01-17 10:48:00";"Failed";"TRUE";"55.7558 N, 37.6173 W";"Desktop";"Slice2";9;244;9961
"TXN6019019626";"ACC29423";"ACC68041";394.98;"Transfer";"2025-01-17 10:52:00";"Success";"FALSE";"48.8566 N, 0.1278 W";"Desktop";"Slice1";15;227;3170
"TXN4675367499";"ACC49487";"ACC48009";448.07;"Transfer";"2025-01-17 10:45:00";"Failed";"TRUE";"40.7128 N, 0.1278 W";"Desktop";"Slice1";7;234;6436
"TXN2012949729";"ACC82186";"ACC25267";799.39;"Transfer";"2025-01-17 10:24:00";"Success";"TRUE";"40.7128 N, 2.3522 W";"Mobile";"Slice3";19;83;3057
"TXN6250036065";"ACC44381";"ACC45138";723.45;"Transfer";"2025-01-17 10:38:00";"Success";"TRUE";"51.5074 N, -118.2437 W";"Desktop";"Slice3";17;207;4979
"TXN5412906599";"ACC31830";"ACC84084";602.08;"Transfer";"2025-01-17 10:08:00";"Failed";"FALSE";"35.6895 N, -118.2437 W";"Mobile";"Slice3";12;176;8553
"TXN1652892325";"ACC92545";"ACC75306";660.16;"Deposit";"2025-01-17 10:06:00";"Failed";"FALSE";"34.0522 N, 139.6917 W";"Mobile";"Slice1";17;215;9481
"TXN6007193928";"ACC80030";"ACC20498";404.35;"Transfer";"2025-01-17 10:30:00";"Success";"FALSE";"40.7128 N, 2.3522 W";"Desktop";"Slice3";14;232;5706
"TXN3114507871";"ACC81093";"ACC72767";384.21;"Transfer";"2025-01-17 10:03:00";"Failed";"FALSE";"35.6895 N, 2.3522 W";"Mobile";"Slice3";12;248;3607
"TXN4902897998";"ACC77412";"ACC28013";198.65;"Transfer";"2025-01-17 10:37:00";"Failed";"FALSE";"55.7558 N, -118.2437 W";"Desktop";"Slice2";17;56;9622
"TXN4817965241";"ACC95824";"ACC83875";864.58;"Deposit";"2025-01-17 10:02:00";"Success";"TRUE";"40.7128 N, 37.6173 W";"Desktop";"Slice3";19;235;2438
"TXN3688144089";"ACC86726";"ACC75108";698.69;"Transfer";"2025-01-17 10:58:00";"Success";"TRUE";"34.0522 N, -74.006 W";"Mobile";"Slice2";10;82;4951
"TXN7768798227";"ACC29509";"ACC11635";582.69;"Transfer";"2025-01-17 10:23:00";"Failed";"TRUE";"40.7128 N, 37.6173 W";"Desktop";"Slice2";6;226;1229
"TXN7372888615";"ACC79388";"ACC10131";915.57;"Transfer";"2025-01-17 10:35:00";"Failed";"FALSE";"48.8566 N, 139.6917 W";"Mobile";"Slice1";11;168;6981
"TXN6496802872";"ACC58666";"ACC81007";766.64;"Deposit";"2025-01-17 10:04:00";"Success";"FALSE";"34.0522 N, 37.6173 W";"Mobile";"Slice1";19;131;6596
"TXN2190673228";"ACC47900";"ACC15352";559.49;"Withdrawal";"2025-01-17 10:44:00";"Failed";"TRUE";"51.5074 N, -118.2437 W";"Desktop";"Slice2";6;173;5776
"TXN7291688324";"ACC51850";"ACC77032";601.16;"Deposit";"2025-01-17 10:13:00";"Failed";"FALSE";"55.7558 N, -74.006 W";"Mobile";"Slice1";19;125;3790
"TXN3578739019";"ACC11332";"ACC95588";250.92;"Deposit";"2025-01-17 10:47:00";"Failed";"FALSE";"51.5074 N, 0.1278 W";"Desktop";"Slice2";15;248;6386
"TXN1041461220";"ACC13852";"ACC14965";495.85;"Transfer";"2025-01-17 10:38:00";"Success";"TRUE";"51.5074 N, 37.6173 W";"Desktop";"Slice2";14;184;5251
"TXN3051028291";"ACC57933";"ACC52429";641.56;"Transfer";"2025-01-17 10:32:00";"Success";"TRUE";"48.8566 N, 2.3522 W";"Mobile";"Slice2";15;243;7576
"TXN1372797888";"ACC57771";"ACC28955";978.9;"Withdrawal";"2025-01-17 10:36:00";"Success";"FALSE";"40.7128 N, 37.6173 W";"Desktop";"Slice3";9;244;6345
"TXN2981368392";"ACC59255";"ACC53003";376.95;"Transfer";"2025-01-17 10:30:00";"Failed";"FALSE";"35.6895 N, 2.3522 W";"Mobile";"Slice3";17;194;7865
"TXN1135873779";"ACC24360";"ACC36461";920.92;"Deposit";"2025-01-17 10:52:00";"Success";"TRUE";"35.6895 N, -74.006 W";"Desktop";"Slice1";17;149;3107
"TXN1328647070";"ACC89958";"ACC33093";891.01;"Transfer";"2025-01-17 10:18:00";"Failed";"TRUE";"35.6895 N, -118.2437 W";"Desktop";"Slice2";13;176;5049
"TXN4179721497";"ACC93575";"ACC61999";165.65;"Withdrawal";"2025-01-17 10:46:00";"Success";"TRUE";"51.5074 N, -118.2437 W";"Desktop";"Slice2";4;208;8968
"TXN2070571988";"ACC94322";"ACC17821";641.13;"Transfer";"2025-01-17 10:42:00";"Success";"FALSE";"48.8566 N, 37.6173 W";"Mobile";"Slice1";14;183;1116
"TXN1116395817";"ACC49997";"ACC16705";653.41;"Deposit";"2025-01-17 10:40:00";"Success";"TRUE";"34.0522 N, -118.2437 W";"Mobile";"Slice3";12;244;3221
"TXN4561707407";"ACC89895";"ACC94273";396.91;"Transfer";"2025-01-17 10:16:00";"Failed";"FALSE";"35.6895 N, 139.6917 W";"Mobile";"Slice1";10;211;5084
"TXN5060420362";"ACC52545";"ACC44016";659.9;"Transfer";"2025-01-17 10:15:00";"Success";"FALSE";"40.7128 N, 2.3522 W";"Mobile";"Slice1";17;84;2264
"TXN9297678665";"ACC25920";"ACC85405";56.93;"Transfer";"2025-01-17 10:32:00";"Failed";"FALSE";"35.6895 N, -74.006 W";"Desktop";"Slice1";17;101;2731
"TXN5954761833";"ACC11424";"ACC83140";219.4;"Withdrawal";"2025-01-17 10:49:00";"Success";"TRUE";"34.0522 N, 0.1278 W";"Desktop";"Slice1";18;163;6771
"TXN4692899483";"ACC79416";"ACC10182";252.71;"Transfer";"2025-01-17 10:48:00";"Failed";"FALSE";"34.0522 N, 37.6173 W";"Desktop";"Slice1";15;121;6448
"TXN1031246972";"ACC45883";"ACC70147";358.53;"Withdrawal";"2025-01-17 10:27:00";"Failed";"FALSE";"48.8566 N, 139.6917 W";"Mobile";"Slice1";13;126;1546
"TXN6201618839";"ACC15918";"ACC29832";207.64;"Deposit";"2025-01-17 10:27:00";"Failed";"FALSE";"34.0522 N, 139.6917 W";"Mobile";"Slice2";19;154;5639
"TXN1256384918";"ACC44416";"ACC80838";92.76;"Transfer";"2025-01-17 10:42:00";"Failed";"FALSE";"51.5074 N, 37.6173 W";"Mobile";"Slice2";9;103;6624
"TXN9377571688";"ACC40248";"ACC64197";91.93;"Transfer";"2025-01-17 10:26:00";"Success";"TRUE";"55.7558 N, 139.6917 W";"Mobile";"Slice1";3;168;4182
"TXN9707081841";"ACC80174";"ACC53686";596.1;"Transfer";"2025-01-17 10:02:00";"Success";"FALSE";"55.7558 N, -74.006 W";"Mobile";"Slice3";13;92;3575
"TXN8294020649";"ACC17126";"ACC78651";129.93;"Transfer";"2025-01-17 11:00:00";"Success";"FALSE";"51.5074 N, 37.6173 W";"Desktop";"Slice1";4;157;6872
"TXN4687071393";"ACC53033";"ACC71691";570.72;"Transfer";"2025-01-17 10:36:00";"Failed";"FALSE";"55.7558 N, -74.006 W";"Desktop";"Slice1";4;62;3258
"TXN5673009522";"ACC67448";"ACC20460";655.7;"Withdrawal";"2025-01-17 10:33:00";"Success";"FALSE";"48.8566 N, 2.3522 W";"Desktop";"Slice1";3;164;5029
"TXN8792646343";"ACC38343";"ACC11206";555.28;"Withdrawal";"2025-01-17 10:06:00";"Success";"FALSE";"34.0522 N, -118.2437 W";"Mobile";"Slice2";19;147;8935
"TXN8464942775";"ACC54102";"ACC27415";333.77;"Transfer";"2025-01-17 10:01:00";"Success";"FALSE";"35.6895 N, 2.3522 W";"Mobile";"Slice3";5;55;4971
"TXN8285055381";"ACC12207";"ACC37690";731.29;"Withdrawal";"2025-01-17 10:33:00";"Success";"FALSE";"51.5074 N, 139.6917 W";"Desktop";"Slice3";7;54;6291
"TXN2364240559";"ACC58064";"ACC89260";192.43;"Deposit";"2025-01-17 10:33:00";"Success";"TRUE";"35.6895 N, 37.6173 W";"Mobile";"Slice3";9;166;1039
"TXN4629063974";"ACC73573";"ACC74408";810.23;"Transfer";"2025-01-17 10:46:00";"Failed";"FALSE";"34.0522 N, 0.1278 W";"Mobile";"Slice2";10;124;3125
"TXN8231379842";"ACC72707";"ACC22063";341.45;"Transfer";"2025-01-17 10:28:00";"Failed";"TRUE";"34.0522 N, -74.006 W";"Mobile";"Slice3";17;140;2072
"TXN2630496789";"ACC11158";"ACC54603";938.65;"Deposit";"2025-01-17 10:44:00";"Success";"FALSE";"34.0522 N, 139.6917 W";"Desktop";"Slice2";18;136;2502
"TXN7744872067";"ACC90264";"ACC16628";958.18;"Transfer";"2025-01-17 10:58:00";"Success";"FALSE";"35.6895 N, 0.1278 W";"Desktop";"Slice3";16;217;5496
"TXN8572380298";"ACC70377";"ACC20352";938.68;"Transfer";"2025-01-17 10:15:00";"Failed";"TRUE";"40.7128 N, 139.6917 W";"Mobile";"Slice3";17;139;6668
"TXN1944161554";"ACC52350";"ACC69265";800.31;"Deposit";"2025-01-17 10:05:00";"Failed";"TRUE";"51.5074 N, 0.1278 W";"Mobile";"Slice2";11;154;5804
"TXN8092655434";"ACC92997";"ACC93368";89.69;"Transfer";"2025-01-17 10:52:00";"Failed";"TRUE";"51.5074 N, 2.3522 W";"Desktop";"Slice3";15;172;6036
"TXN5708760402";"ACC87072";"ACC89896";990.36;"Deposit";"2025-01-17 10:27:00";"Failed";"FALSE";"51.5074 N, -118.2437 W";"Mobile";"Slice1";16;223;1929
"TXN1726351367";"ACC88350";"ACC42527";193.35;"Deposit";"2025-01-17 10:15:00";"Failed";"TRUE";"48.8566 N, 37.6173 W";"Desktop";"Slice3";14;159;5418
"TXN2968614458";"ACC84446";"ACC47277";641.89;"Transfer";"2025-01-17 10:59:00";"Success";"TRUE";"34.0522 N, -74.006 W";"Mobile";"Slice2";20;193;3004
"TXN9369323463";"ACC21138";"ACC45215";548.18;"Deposit";"2025-01-17 10:58:00";"Failed";"TRUE";"40.7128 N, 2.3522 W";"Mobile";"Slice2";18;230;8976
"TXN4884680145";"ACC47209";"ACC60295";93.19;"Transfer";"2025-01-17 10:12:00";"Failed";"FALSE";"40.7128 N, -118.2437 W";"Desktop";"Slice2";19;133;9622
"TXN3689859259";"ACC26383";"ACC55770";974.06;"Withdrawal";"2025-01-17 10:30:00";"Failed";"TRUE";"35.6895 N, 0.1278 W";"Desktop";"Slice3";10;185;4286
"TXN5303967789";"ACC16801";"ACC30926";71.67;"Transfer";"2025-01-17 10:46:00";"Failed";"FALSE";"34.0522 N, -118.2437 W";"Desktop";"Slice1";19;250;5265
"TXN8465634743";"ACC86251";"ACC39807";788.22;"Deposit";"2025-01-17 10:02:00";"Failed";"TRUE";"48.8566 N, -74.006 W";"Desktop";"Slice2";3;187;5898
"TXN2189034163";"ACC24939";"ACC96021";274.99;"Deposit";"2025-01-17 10:34:00";"Success";"FALSE";"34.0522 N, -118.2437 W";"Mobile";"Slice2";10;75;7009
"TXN1179409810";"ACC58088";"ACC32898";385.75;"Deposit";"2025-01-17 10:10:00";"Failed";"TRUE";"48.8566 N, 139.6917 W";"Mobile";"Slice1";9;235;8696
"TXN1744197967";"ACC80321";"ACC53228";819.88;"Deposit";"2025-01-17 10:35:00";"Failed";"TRUE";"48.8566 N, 139.6917 W";"Mobile";"Slice2";16;90;8897
"TXN7033130898";"ACC91152";"ACC74032";500.19;"Transfer";"2025-01-17 10:17:00";"Success";"FALSE";"35.6895 N, 0.1278 W";"Mobile";"Slice1";3;167;4936
"TXN1050678444";"ACC90361";"ACC34735";703.97;"Deposit";"2025-01-17 10:35:00";"Success";"FALSE";"40.7128 N, 37.6173 W";"Desktop";"Slice2";13;204;9805
"TXN9135908826";"ACC17264";"ACC93263";773.32;"Deposit";"2025-01-17 10:16:00";"Failed";"TRUE";"48.8566 N, -74.006 W";"Mobile";"Slice3";19;163;9117
"TXN1970224238";"ACC67387";"ACC36934";480.09;"Withdrawal";"2025-01-17 10:50:00";"Success";"TRUE";"51.5074 N, 2.3522 W";"Mobile";"Slice3";6;215;2221
"TXN3080727808";"ACC80662";"ACC47063";820.56;"Transfer";"2025-01-17 10:18:00";"Failed";"TRUE";"35.6895 N, 2.3522 W";"Mobile";"Slice3";17;69;9133
"TXN6278346936";"ACC53270";"ACC92038";446.48;"Deposit";"2025-01-17 10:11:00";"Failed";"TRUE";"48.8566 N, -118.2437 W";"Desktop";"Slice1";11;71;1417
"TXN1820448910";"ACC48398";"ACC74025";823.27;"Withdrawal";"2025-01-17 10:16:00";"Success";"TRUE";"34.0522 N, 139.6917 W";"Mobile";"Slice1";13;121;5715
"TXN7206567493";"ACC30969";"ACC84687";130.81;"Transfer";"2025-01-17 10:22:00";"Success";"FALSE";"51.5074 N, 139.6917 W";"Desktop";"Slice1";6;205;5339
"TXN5851162281";"ACC82654";"ACC11191";968.25;"Withdrawal";"2025-01-17 10:46:00";"Failed";"FALSE";"55.7558 N, 139.6917 W";"Mobile";"Slice1";9;172;9536
"TXN8908021818";"ACC63242";"ACC88672";986.71;"Withdrawal";"2025-01-17 10:41:00";"Failed";"FALSE";"48.8566 N, 2.3522 W";"Mobile";"Slice1";7;211;8832
"TXN3216142297";"ACC31311";"ACC77960";958.06;"Withdrawal";"2025-01-17 10:57:00";"Failed";"TRUE";"35.6895 N, -74.006 W";"Desktop";"Slice3";17;171;6169
"TXN5767453846";"ACC83546";"ACC68913";464.88;"Transfer";"2025-01-17 10:09:00";"Failed";"TRUE";"48.8566 N, 139.6917 W";"Mobile";"Slice1";13;169;3204
"TXN3949060475";"ACC30530";"ACC25906";60.88;"Withdrawal";"2025-01-17 10:23:00";"Failed";"FALSE";"35.6895 N, 2.3522 W";"Desktop";"Slice3";11;103;9002
"TXN8924266239";"ACC98677";"ACC45130";859.59;"Withdrawal";"2025-01-17 10:47:00";"Success";"FALSE";"34.0522 N, 37.6173 W";"Mobile";"Slice1";18;92;2984
"TXN8231371570";"ACC59991";"ACC77139";947.46;"Deposit";"2025-01-17 10:32:00";"Failed";"TRUE";"34.0522 N, 0.1278 W";"Desktop";"Slice2";10;54;7884
"TXN5435924496";"ACC23369";"ACC88438";945.11;"Transfer";"2025-01-17 10:49:00";"Failed";"FALSE";"40.7128 N, 2.3522 W";"Mobile";"Slice1";8;210;6678
"TXN6129053886";"ACC18443";"ACC83101";177.33;"Withdrawal";"2025-01-17 10:21:00";"Failed";"TRUE";"40.7128 N, 139.6917 W";"Mobile";"Slice3";17;128;9331
"TXN5540950494";"ACC93583";"ACC43835";620.69;"Transfer";"2025-01-17 10:20:00";"Success";"TRUE";"35.6895 N, 2.3522 W";"Mobile";"Slice1";18;196;1307
"TXN4686574441";"ACC56048";"ACC61043";92.47;"Withdrawal";"2025-01-17 10:13:00";"Failed";"FALSE";"51.5074 N, 139.6917 W";"Mobile";"Slice1";5;51;5012
"TXN9047821038";"ACC33191";"ACC19227";321.27;"Transfer";"2025-01-17 10:49:00";"Failed";"TRUE";"35.6895 N, 139.6917 W";"Mobile";"Slice2";3;77;4885
"TXN7141693754";"ACC17147";"ACC83990";797.15;"Withdrawal";"2025-01-17 10:18:00";"Success";"TRUE";"48.8566 N, 0.1278 W";"Mobile";"Slice1";6;108;8413
"TXN8986153861";"ACC43485";"ACC31302";821.91;"Deposit";"2025-01-17 10:03:00";"Failed";"TRUE";"55.7558 N, 2.3522 W";"Mobile";"Slice1";12;173;5139
"TXN9531075832";"ACC26439";"ACC67106";504.87;"Deposit";"2025-01-17 10:04:00";"Failed";"TRUE";"51.5074 N, 0.1278 W";"Mobile";"Slice3";6;148;6375
"TXN2554762755";"ACC15906";"ACC51253";501.32;"Transfer";"2025-01-17 10:09:00";"Failed";"TRUE";"40.7128 N, -74.006 W";"Desktop";"Slice2";16;98;8557
"TXN5816994707";"ACC11488";"ACC74499";290.98;"Withdrawal";"2025-01-17 10:58:00";"Success";"FALSE";"48.8566 N, 37.6173 W";"Mobile";"Slice1";14;162;3718
"TXN4681351299";"ACC74938";"ACC36081";995.32;"Transfer";"2025-01-17 10:19:00";"Success";"TRUE";"35.6895 N, 139.6917 W";"Mobile";"Slice3";5;196;7338
"TXN5170975065";"ACC54347";"ACC45640";599.34;"Deposit";"2025-01-17 10:42:00";"Success";"FALSE";"55.7558 N, 2.3522 W";"Mobile";"Slice2";14;98;9467
"TXN7211607925";"ACC66816";"ACC32656";399.64;"Deposit";"2025-01-17 10:35:00";"Failed";"FALSE";"35.6895 N, -118.2437 W";"Desktop";"Slice2";18;180;7185
"TXN1038301181";"ACC85559";"ACC68236";363.94;"Deposit";"2025-01-17 10:40:00";"Failed";"TRUE";"35.6895 N, -74.006 W";"Desktop";"Slice3";15;240;7223
"TXN4271800273";"ACC58690";"ACC58950";216.24;"Transfer";"2025-01-17 10:46:00";"Failed";"TRUE";"40.7128 N, 0.1278 W";"Mobile";"Slice3";16;196;3751
"TXN3155729746";"ACC57197";"ACC92724";779.86;"Transfer";"2025-01-17 10:41:00";"Success";"TRUE";"51.5074 N, -74.006 W";"Desktop";"Slice3";13;111;6459
"TXN2708041658";"ACC69694";"ACC58029";706.74;"Withdrawal";"2025-01-17 10:18:00";"Success";"FALSE";"51.5074 N, 0.1278 W";"Desktop";"Slice3";19;148;1773
"TXN8389614998";"ACC33822";"ACC17633";298.62;"Transfer";"2025-01-17 10:21:00";"Success";"TRUE";"51.5074 N, 0.1278 W";"Mobile";"Slice2";15;194;5248
"TXN6124814564";"ACC89865";"ACC69190";742.52;"Deposit";"2025-01-17 10:43:00";"Failed";"FALSE";"55.7558 N, -74.006 W";"Mobile";"Slice1";11;66;7177
"TXN9422487543";"ACC69599";"ACC87697";416.36;"Withdrawal";"2025-01-17 10:24:00";"Failed";"TRUE";"51.5074 N, 2.3522 W";"Desktop";"Slice3";9;112;3961
"TXN6641751619";"ACC37684";"ACC70681";712.32;"Transfer";"2025-01-17 10:39:00";"Success";"FALSE";"48.8566 N, -118.2437 W";"Desktop";"Slice1";3;183;6740
"TXN7160668900";"ACC88153";"ACC20677";752.37;"Deposit";"2025-01-17 10:39:00";"Failed";"TRUE";"40.7128 N, 0.1278 W";"Desktop";"Slice3";9;108;1157
"TXN2964791595";"ACC36472";"ACC96893";872.63;"Withdrawal";"2025-01-17 10:24:00";"Success";"FALSE";"34.0522 N, 0.1278 W";"Mobile";"Slice3";15;214;7499
"TXN9293390364";"ACC29164";"ACC16121";540.64;"Transfer";"2025-01-17 10:07:00";"Success";"FALSE";"48.8566 N, -74.006 W";"Mobile";"Slice3";8;241;4044
"TXN4140419451";"ACC75427";"ACC31108";462.23;"Transfer";"2025-01-17 10:56:00";"Failed";"FALSE";"35.6895 N, -74.006 W";"Mobile";"Slice2";10;58;9647
"TXN7891984901";"ACC51575";"ACC54890";765.79;"Transfer";"2025-01-17 10:06:00";"Success";"TRUE";"48.8566 N, 139.6917 W";"Desktop";"Slice2";20;180;5388
"TXN2506568464";"ACC20907";"ACC76958";462.35;"Transfer";"2025-01-17 10:10:00";"Failed";"TRUE";"40.7128 N, -118.2437 W";"Mobile";"Slice3";4;139;7445
"TXN6562159635";"ACC45743";"ACC71307";411.11;"Withdrawal";"2025-01-17 10:38:00";"Success";"TRUE";"35.6895 N, 0.1278 W";"Mobile";"Slice3";3;144;8779
"TXN4511284469";"ACC38144";"ACC34218";239.31;"Deposit";"2025-01-17 10:54:00";"Failed";"FALSE";"48.8566 N, 139.6917 W";"Mobile";"Slice2";10;128;7172
"TXN1094353264";"ACC80118";"ACC73164";548.03;"Transfer";"2025-01-17 10:16:00";"Success";"FALSE";"34.0522 N, 2.3522 W";"Mobile";"Slice3";13;77;2189
"TXN4367678924";"ACC83760";"ACC32440";664.85;"Withdrawal";"2025-01-17 10:34:00";"Success";"TRUE";"48.8566 N, 0.1278 W";"Desktop";"Slice1";14;235;6428
"TXN1968083968";"ACC54077";"ACC23684";297.46;"Withdrawal";"2025-01-17 10:27:00";"Success";"FALSE";"35.6895 N, 2.3522 W";"Desktop";"Slice3";20;107;4491
"TXN7501274627";"ACC52895";"ACC97810";426.24;"Transfer";"2025-01-17 10:09:00";"Failed";"FALSE";"40.7128 N, 37.6173 W";"Desktop";"Slice3";9;151;7129
"TXN9569616698";"ACC72948";"ACC75322";486.73;"Transfer";"2025-01-17 10:58:00";"Failed";"FALSE";"48.8566 N, 139.6917 W";"Mobile";"Slice1";16;54;7623
"TXN5912948830";"ACC23367";"ACC56353";995.33;"Transfer";"2025-01-17 10:05:00";"Failed";"TRUE";"51.5074 N, 0.1278 W";"Mobile";"Slice1";12;110;8039
"TXN1986531839";"ACC86247";"ACC31249";940.8;"Deposit";"2025-01-17 10:04:00";"Success";"TRUE";"51.5074 N, 2.3522 W";"Desktop";"Slice2";6;192;3001
"TXN8356708473";"ACC41289";"ACC99897";536.64;"Deposit";"2025-01-17 10:31:00";"Success";"FALSE";"51.5074 N, -74.006 W";"Desktop";"Slice3";4;65;2112
"TXN4507550717";"ACC26647";"ACC63782";425.58;"Transfer";"2025-01-17 10:09:00";"Failed";"FALSE";"40.7128 N, -74.006 W";"Desktop";"Slice3";17;187;4375
"TXN4822042533";"ACC27800";"ACC69900";301.68;"Withdrawal";"2025-01-17 11:00:00";"Failed";"TRUE";"34.0522 N, -118.2437 W";"Desktop";"Slice2";4;192;4457
"TXN5282408511";"ACC63134";"ACC54899";189.27;"Deposit";"2025-01-17 11:00:00";"Success";"TRUE";"55.7558 N, 0.1278 W";"Desktop";"Slice1";18;149;4739
"TXN5882730267";"ACC69574";"ACC42196";199.09;"Deposit";"2025-01-17 10:32:00";"Failed";"FALSE";"55.7558 N, 0.1278 W";"Mobile";"Slice3";7;90;9062
"TXN2671509786";"ACC47642";"ACC49609";702.72;"Deposit";"2025-01-17 10:23:00";"Failed";"TRUE";"40.7128 N, 0.1278 W";"Mobile";"Slice3";10;137;3011
"TXN7311146432";"ACC64767";"ACC81444";677.83;"Withdrawal";"2025-01-17 10:57:00";"Success";"FALSE";"55.7558 N, -74.006 W";"Desktop";"Slice3";14;153;8673
"TXN1041633816";"ACC60899";"ACC59622";734.06;"Withdrawal";"2025-01-17 10:31:00";"Success";"TRUE";"35.6895 N, 37.6173 W";"Mobile";"Slice2";15;169;3054
"TXN4417009985";"ACC71245";"ACC83737";638.32;"Transfer";"2025-01-17 10:20:00";"Failed";"FALSE";"55.7558 N, 37.6173 W";"Mobile";"Slice3";14;118;3492
"TXN7456715309";"ACC38285";"ACC27531";436.78;"Transfer";"2025-01-17 10:40:00";"Failed";"TRUE";"40.7128 N, -118.2437 W";"Mobile";"Slice3";19;138;7632
"TXN1864085218";"ACC33315";"ACC48785";728.37;"Withdrawal";"2025-01-17 10:11:00";"Failed";"FALSE";"48.8566 N, 2.3522 W";"Mobile";"Slice1";15;212;7808
"TXN5872179478";"ACC45373";"ACC85398";521.21;"Deposit";"2025-01-17 10:05:00";"Failed";"FALSE";"48.8566 N, 0.1278 W";"Mobile";"Slice3";4;164;2226
"TXN6270102821";"ACC91943";"ACC35382";354.71;"Deposit";"2025-01-17 10:28:00";"Failed";"TRUE";"51.5074 N, -118.2437 W";"Mobile";"Slice2";14;96;9454
"TXN6320952191";"ACC94090";"ACC46023";960.36;"Transfer";"2025-01-17 10:49:00";"Success";"TRUE";"35.6895 N, 0.1278 W";"Desktop";"Slice3";4;162;1366
"TXN9135751221";"ACC70107";"ACC29493";749.78;"Transfer";"2025-01-17 10:27:00";"Failed";"TRUE";"51.5074 N, 37.6173 W";"Desktop";"Slice2";19;180;6921
"TXN8310897263";"ACC32083";"ACC28978";860.27;"Deposit";"2025-01-17 10:59:00";"Success";"FALSE";"35.6895 N, -74.006 W";"Mobile";"Slice2";8;61;1601
"TXN9898212544";"ACC25289";"ACC87765";678.84;"Withdrawal";"2025-01-17 10:16:00";"Success";"FALSE";"48.8566 N, 139.6917 W";"Desktop";"Slice3";16;135;3264
"TXN3988853414";"ACC11540";"ACC81346";188.7;"Withdrawal";"2025-01-17 10:27:00";"Success";"FALSE";"40.7128 N, 37.6173 W";"Mobile";"Slice3";13;236;4310
"TXN5398070716";"ACC25990";"ACC35086";325.32;"Withdrawal";"2025-01-17 10:55:00";"Failed";"FALSE";"35.6895 N, 0.1278 W";"Desktop";"Slice3";9;244;9590
"TXN4966699908";"ACC63657";"ACC65237";778.32;"Deposit";"2025-01-17 10:31:00";"Success";"FALSE";"55.7558 N, 37.6173 W";"Desktop";"Slice3";6;67;7995
"TXN8460678344";"ACC40938";"ACC18461";187.41;"Deposit";"2025-01-17 10:44:00";"Success";"TRUE";"34.0522 N, 0.1278 W";"Desktop";"Slice1";19;216;5184
"TXN4656100555";"ACC65243";"ACC64838";770.19;"Transfer";"2025-01-17 10:16:00";"Failed";"TRUE";"51.5074 N, -74.006 W";"Desktop";"Slice1";7;244;9724
"TXN6023233537";"ACC31607";"ACC40732";689.86;"Deposit";"2025-01-17 10:40:00";"Failed";"TRUE";"35.6895 N, 2.3522 W";"Mobile";"Slice2";15;110;9996
"TXN6980683657";"ACC49408";"ACC26901";539.4;"Transfer";"2025-01-17 10:56:00";"Success";"TRUE";"51.5074 N, 2.3522 W";"Mobile";"Slice1";15;208;7319
"TXN6721573629";"ACC79097";"ACC37128";198.18;"Deposit";"2025-01-17 10:36:00";"Success";"FALSE";"55.7558 N, 139.6917 W";"Desktop";"Slice1";10;164;5310
"TXN7266570556";"ACC38775";"ACC48865";318.92;"Withdrawal";"2025-01-17 10:31:00";"Failed";"FALSE";"51.5074 N, 0.1278 W";"Mobile";"Slice2";15;226;5225
"TXN2877832200";"ACC48963";"ACC47641";978.96;"Transfer";"2025-01-17 10:07:00";"Failed";"FALSE";"48.8566 N, 37.6173 W";"Desktop";"Slice2";10;85;3311
"TXN6689630393";"ACC54726";"ACC89370";655.98;"Deposit";"2025-01-17 10:40:00";"Success";"FALSE";"40.7128 N, 2.3522 W";"Mobile";"Slice1";7;239;8579
"TXN6736220776";"ACC24619";"ACC95826";744.4;"Withdrawal";"2025-01-17 10:50:00";"Failed";"TRUE";"48.8566 N, 0.1278 W";"Mobile";"Slice3";9;106;3751
"TXN8299962548";"ACC73211";"ACC16021";916.9;"Deposit";"2025-01-17 10:30:00";"Failed";"TRUE";"55.7558 N, 2.3522 W";"Mobile";"Slice1";20;52;4438
"TXN4821129470";"ACC77377";"ACC11572";272.9;"Withdrawal";"2025-01-17 10:53:00";"Success";"FALSE";"40.7128 N, 37.6173 W";"Desktop";"Slice3";3;157;5077
"TXN9706461583";"ACC23210";"ACC18968";579.04;"Deposit";"2025-01-17 10:25:00";"Failed";"FALSE";"35.6895 N, 2.3522 W";"Desktop";"Slice1";19;126;7414
"TXN5819697000";"ACC91947";"ACC51744";481.35;"Transfer";"2025-01-17 10:12:00";"Failed";"TRUE";"35.6895 N, 0.1278 W";"Mobile";"Slice3";20;68;6957
"TXN2677873639";"ACC12696";"ACC17457";601.6;"Deposit";"2025-01-17 10:51:00";"Failed";"TRUE";"55.7558 N, -74.006 W";"Desktop";"Slice2";7;178;5597
"TXN7999541068";"ACC23220";"ACC67272";406.17;"Withdrawal";"2025-01-17 10:03:00";"Failed";"FALSE";"35.6895 N, -118.2437 W";"Desktop";"Slice3";16;114;6462
"TXN8857190097";"ACC63630";"ACC83176";992.79;"Withdrawal";"2025-01-17 10:31:00";"Failed";"FALSE";"55.7558 N, -74.006 W";"Desktop";"Slice2";12;143;6184
"TXN3562708287";"ACC29500";"ACC57773";675.48;"Withdrawal";"2025-01-17 10:20:00";"Success";"TRUE";"48.8566 N, -118.2437 W";"Mobile";"Slice3";17;120;4779
"TXN3580164111";"ACC68685";"ACC36989";178.14;"Withdrawal";"2025-01-17 10:41:00";"Success";"TRUE";"55.7558 N, 37.6173 W";"Desktop";"Slice2";3;132;1566
"TXN9375157430";"ACC38711";"ACC98722";822.69;"Withdrawal";"2025-01-17 10:46:00";"Success";"TRUE";"34.0522 N, -74.006 W";"Mobile";"Slice3";5;207;3319
"TXN8635520804";"ACC17584";"ACC32226";592.99;"Transfer";"2025-01-17 10:54:00";"Failed";"TRUE";"51.5074 N, 139.6917 W";"Mobile";"Slice2";16;148;7904
"TXN3642265035";"ACC58817";"ACC15152";190.95;"Withdrawal";"2025-01-17 10:17:00";"Failed";"FALSE";"51.5074 N, -74.006 W";"Mobile";"Slice1";6;96;1254
"TXN5519692100";"ACC29209";"ACC17339";384.19;"Transfer";"2025-01-17 10:59:00";"Success";"FALSE";"48.8566 N, 139.6917 W";"Mobile";"Slice3";15;178;5425
"TXN9725121816";"ACC56902";"ACC86151";591.01;"Transfer";"2025-01-17 10:41:00";"Success";"TRUE";"35.6895 N, 0.1278 W";"Desktop";"Slice2";18;228;6128
"TXN9841219846";"ACC24856";"ACC54104";265.23;"Withdrawal";"2025-01-17 10:25:00";"Success";"TRUE";"51.5074 N, 0.1278 W";"Desktop";"Slice2";12;59;1948
"TXN3964673333";"ACC55016";"ACC31584";256.9;"Transfer";"2025-01-17 10:35:00";"Failed";"FALSE";"55.7558 N, 139.6917 W";"Mobile";"Slice1";5;140;2921
"TXN1371725692";"ACC50985";"ACC26850";525.89;"Withdrawal";"2025-01-17 10:01:00";"Success";"FALSE";"34.0522 N, 139.6917 W";"Mobile";"Slice2";4;125;2838
"TXN7073945412";"ACC89343";"ACC11124";247.19;"Withdrawal";"2025-01-17 10:19:00";"Failed";"FALSE";"55.7558 N, 139.6917 W";"Desktop";"Slice2";8;51;7291
"TXN4751067640";"ACC57443";"ACC68403";307.44;"Withdrawal";"2025-01-17 10:24:00";"Success";"FALSE";"48.8566 N, -118.2437 W";"Desktop";"Slice3";8;233;8699
"TXN8555110303";"ACC12431";"ACC50278";917.5;"Transfer";"2025-01-17 10:59:00";"Failed";"FALSE";"34.0522 N, 37.6173 W";"Desktop";"Slice3";9;153;4134
"TXN8858848074";"ACC24867";"ACC67672";149.97;"Withdrawal";"2025-01-17 10:20:00";"Failed";"FALSE";"40.7128 N, 37.6173 W";"Desktop";"Slice1";3;132;1220
"TXN7511269601";"ACC14110";"ACC40602";772.24;"Withdrawal";"2025-01-17 10:45:00";"Failed";"FALSE";"35.6895 N, 37.6173 W";"Desktop";"Slice3";8;177;6423
"TXN8847738852";"ACC84364";"ACC47327";399.24;"Deposit";"2025-01-17 10:26:00";"Success";"FALSE";"35.6895 N, 2.3522 W";"Mobile";"Slice1";8;82;2129
"TXN8902547494";"ACC14105";"ACC72307";559.81;"Withdrawal";"2025-01-17 10:50:00";"Failed";"TRUE";"35.6895 N, 0.1278 W";"Desktop";"Slice3";4;100;3772
"TXN5149461862";"ACC10098";"ACC31423";402.64;"Transfer";"2025-01-17 10:36:00";"Failed";"FALSE";"55.7558 N, 139.6917 W";"Mobile";"Slice3";18;231;9797
"TXN4939876794";"ACC40458";"ACC54669";164.94;"Transfer";"2025-01-17 10:34:00";"Success";"TRUE";"55.7558 N, 2.3522 W";"Desktop";"Slice3";5;178;6126
"TXN5124329693";"ACC49933";"ACC88043";777.59;"Transfer";"2025-01-17 10:49:00";"Failed";"FALSE";"48.8566 N, 0.1278 W";"Mobile";"Slice2";10;211;4147
"TXN7729611030";"ACC48564";"ACC54219";802.61;"Deposit";"2025-01-17 10:11:00";"Failed";"TRUE";"48.8566 N, -74.006 W";"Desktop";"Slice3";5;233;4382
"TXN3969911632";"ACC67884";"ACC13991";369.05;"Transfer";"2025-01-17 10:35:00";"Failed";"FALSE";"40.7128 N, -74.006 W";"Desktop";"Slice1";14;113;2296
"TXN6822416237";"ACC98500";"ACC12069";635.34;"Withdrawal";"2025-01-17 10:54:00";"Success";"TRUE";"35.6895 N, -74.006 W";"Mobile";"Slice3";15;221;8638
"TXN8918643323";"ACC22774";"ACC61845";646.29;"Withdrawal";"2025-01-17 10:43:00";"Success";"FALSE";"34.0522 N, 0.1278 W";"Mobile";"Slice2";18;157;4638
"TXN2644019441";"ACC69928";"ACC15272";181.28;"Withdrawal";"2025-01-17 10:07:00";"Success";"TRUE";"51.5074 N, 139.6917 W";"Desktop";"Slice3";10;173;9877
"TXN7066384355";"ACC45635";"ACC93414";381.94;"Withdrawal";"2025-01-17 10:22:00";"Failed";"FALSE";"34.0522 N, 37.6173 W";"Desktop";"Slice3";8;94;9531
"TXN3386767631";"ACC59588";"ACC63706";656.49;"Deposit";"2025-01-17 10:36:00";"Failed";"TRUE";"51.5074 N, 139.6917 W";"Desktop";"Slice3";8;126;7015
"TXN5268233590";"ACC76335";"ACC44209";693.73;"Withdrawal";"2025-01-17 10:52:00";"Success";"FALSE";"40.7128 N, 37.6173 W";"Desktop";"Slice2";3;204;6513
"TXN9728180847";"ACC83660";"ACC31355";872.85;"Transfer";"2025-01-17 10:01:00";"Failed";"FALSE";"34.0522 N, -118.2437 W";"Desktop";"Slice1";17;150;5968
"TXN3785811199";"ACC45754";"ACC56026";507.32;"Deposit";"2025-01-17 10:57:00";"Failed";"TRUE";"55.7558 N, 37.6173 W";"Mobile";"Slice3";18;142;1424
"TXN2136436539";"ACC85339";"ACC40432";514.1;"Deposit";"2025-01-17 10:04:00";"Failed";"TRUE";"51.5074 N, 37.6173 W";"Mobile";"Slice3";14;120;9226
"TXN3610926310";"ACC64812";"ACC14886";333.81;"Withdrawal";"2025-01-17 10:21:00";"Failed";"TRUE";"34.0522 N, 139.6917 W";"Mobile";"Slice3";18;131;1649
"TXN9293693445";"ACC60880";"ACC94809";274.03;"Withdrawal";"2025-01-17 10:32:00";"Success";"TRUE";"40.7128 N, 0.1278 W";"Desktop";"Slice3";7;70;5983
"TXN2348724644";"ACC97883";"ACC71524";319.5;"Withdrawal";"2025-01-17 10:37:00";"Success";"TRUE";"51.5074 N, 37.6173 W";"Mobile";"Slice2";14;217;3460
"TXN7250272568";"ACC49715";"ACC10486";59.57;"Withdrawal";"2025-01-17 10:31:00";"Failed";"FALSE";"35.6895 N, 37.6173 W";"Mobile";"Slice3";11;78;7280
"TXN6661892244";"ACC43334";"ACC31560";179.93;"Deposit";"2025-01-17 10:18:00";"Success";"TRUE";"40.7128 N, 37.6173 W";"Mobile";"Slice3";6;192;9759
"TXN9210129507";"ACC98981";"ACC73310";558.64;"Deposit";"2025-01-17 10:30:00";"Failed";"FALSE";"48.8566 N, -74.006 W";"Desktop";"Slice1";4;204;4036
"TXN2679491739";"ACC69673";"ACC60940";919.35;"Deposit";"2025-01-17 10:52:00";"Failed";"FALSE";"48.8566 N, 37.6173 W";"Mobile";"Slice1";17;210;8981
"TXN2106828046";"ACC68992";"ACC32882";236.29;"Transfer";"2025-01-17 10:43:00";"Success";"FALSE";"51.5074 N, -118.2437 W";"Desktop";"Slice2";20;169;8004
"TXN9649254386";"ACC13948";"ACC71806";378.9;"Transfer";"2025-01-17 10:36:00";"Success";"FALSE";"48.8566 N, 0.1278 W";"Mobile";"Slice2";10;104;4527
"TXN2215717837";"ACC95972";"ACC50750";483.36;"Withdrawal";"2025-01-17 11:00:00";"Failed";"TRUE";"55.7558 N, 37.6173 W";"Mobile";"Slice2";12;56;1009
"TXN1676848215";"ACC95938";"ACC18507";199.81;"Withdrawal";"2025-01-17 10:54:00";"Success";"FALSE";"34.0522 N, 139.6917 W";"Desktop";"Slice1";14;151;9301
"TXN3992032184";"ACC16789";"ACC21980";495.36;"Transfer";"2025-01-17 10:02:00";"Failed";"FALSE";"55.7558 N, -74.006 W";"Mobile";"Slice2";5;155;9888
